backend,n_qubits,state_type,state_index,shots_per_setting,settings,method,fidelity,hs_distance,estimated_purity,minimum_eigenvalue,reconstruction_seconds
numpy,1,product,0,100,3,linear,1.0,0.050480307459633104,1.0338000000000003,-0.016623654123579645,0.0001612920023035258
numpy,1,product,0,100,3,projected,0.9990343213708587,0.04394720990321171,0.9999999999999998,2.390746028558695e-17,0.000904916989384219
numpy,1,product,0,100,3,low_rank,0.9990343213708587,0.04394720990321171,0.9999999999999998,2.390746028558695e-17,0.00014429198927246034
numpy,1,product,0,100,3,shrinkage,0.964063286511401,0.06520303134898879,0.9323779999999992,0.03503871128877852,0.00019470800179988146
numpy,1,product,0,100,3,mle,0.9990825874228291,0.042834942974449675,0.9999999999987749,6.12660327059978e-13,0.0047670000058133155
numpy,1,product,0,500,3,linear,0.9894886027329993,0.017855316874275554,0.9792959999999999,0.010461441763776882,0.00013083298108540475
numpy,1,product,0,500,3,projected,0.9894885938296574,0.01785531687427569,0.9792959999999995,0.010461441763776879,0.0001287909981328994
numpy,1,product,0,500,3,low_rank,0.9999489717662462,0.010102687386524135,0.9999999999999996,3.9065434927663854e-17,0.00011704201460815966
numpy,1,product,0,500,3,shrinkage,0.9405397344466915,0.08455939395840485,0.8882297599999998,0.059415297587399205,0.00018266699044033885
numpy,1,product,0,500,3,mle,0.9894885938296574,0.017855316874275745,0.9792959999999997,0.010461441763777078,0.004672832990763709
numpy,1,product,1,100,3,linear,0.9839445653993247,0.13004185454666833,0.9847999999999999,0.007658654996353219,0.00012008301564492285
numpy,1,product,1,100,3,projected,0.983944558033031,0.1300418545466683,0.9847999999999992,0.007658654996353272,0.00011737499153241515
numpy,1,product,1,100,3,low_rank,0.9914726051242135,0.13059405697776513,0.9999999999999998,-3.566476843370011e-17,0.00011175000690855086
numpy,1,product,1,100,3,shrinkage,0.9355501022297282,0.14692785828610985,0.8926879999999997,0.056892789496717874,0.0001737500133458525
numpy,1,product,1,100,3,mle,0.9839445580330313,0.13004185454666836,0.9847999999999997,0.007658654996353352,0.0007637500239070505
numpy,1,product,1,500,3,linear,0.9855322100500883,0.03554712514902165,0.9723280000000001,0.014032922925842621,0.00011562500731088221
numpy,1,product,1,500,3,projected,0.9855322146276732,0.03554712514902171,0.9723279999999999,0.014032922925842692,0.00011441600508987904
numpy,1,product,1,500,3,low_rank,0.9995525662664684,0.029914335477546756,1.0,3.546279476778313e-17,0.00010883298818953335
numpy,1,product,1,500,3,shrinkage,0.9369789922910258,0.09288551176434441,0.8825856800000002,0.06262963063325827,0.00017112502246163785
numpy,1,product,1,500,3,mle,0.9855322146276732,0.03554712514902172,0.9723279999999999,0.014032922925842678,0.000757250003516674
numpy,1,product,2,100,3,linear,0.9857513521262199,0.08060580467658916,0.9780000000000002,0.01112373753678726,0.00011470800382085145
numpy,1,product,2,100,3,projected,0.9857513528651457,0.0806058046765892,0.9780000000000003,0.01112373753678726,0.00011412499588914216
numpy,1,product,2,100,3,low_rank,0.996803987340912,0.07995015408626398,1.0000000000000002,1.3935772549623475e-17,0.00010958299390040338
numpy,1,product,2,100,3,shrinkage,0.937176216913598,0.11325884589207316,0.8871800000000001,0.060011363783108576,0.00017058401135727763
numpy,1,product,2,100,3,mle,0.9857513521262199,0.08060580467658919,0.9780000000000002,0.011123737536787338,0.0009642080112826079
numpy,1,product,2,500,3,linear,0.9732233116704504,0.04491521634256577,0.9484640000000002,0.026468586047345803,0.0001367499935440719
numpy,1,product,2,500,3,projected,0.9732233116704502,0.04491521634256591,0.948464,0.026468586047345803,0.00013641701661981642
numpy,1,product,2,500,3,low_rank,0.9996746909767514,0.025507803339550827,0.9999999999999998,-1.145151253447575e-17,0.00011800002539530396
numpy,1,product,2,500,3,shrinkage,0.9259009870582906,0.10702279660516054,0.8632558399999998,0.07382172744261122,0.0001814170100260526
numpy,1,product,2,500,3,mle,0.9732233116704502,0.044915216342565956,0.9484639999999998,0.026468586047345786,0.0007903329969849437
numpy,1,product,3,100,3,linear,1.0,0.08063131763105247,1.0306,-0.015072810387036527,0.00011824999819509685
numpy,1,product,3,100,3,projected,0.9970649654540726,0.07661640266721935,0.9999999999999997,-7.486333733453687e-17,0.00011625001206994057
numpy,1,product,3,100,3,low_rank,0.9970649654540726,0.07661640266721935,0.9999999999999997,-7.486333733453687e-17,0.0001111250021494925
numpy,1,product,3,100,3,shrinkage,0.9608443657776853,0.0899848234127715,0.9297859999999998,0.03643447065166706,0.0001727920025587082
numpy,1,product,3,100,3,mle,0.9966589956672391,0.0817438529654289,0.9999999999985847,7.078766138023739e-13,0.0039902920252643526
numpy,1,product,3,500,3,linear,0.9527586374223359,0.08199228100344243,0.9122399999999999,0.04599559473502905,0.00011845800327137113
numpy,1,product,3,500,3,projected,0.952758644393013,0.08199228100344241,0.91224,0.04599559473502905,0.0001152500044554472
numpy,1,product,3,500,3,low_rank,0.9986280173467497,0.05238287226278087,1.0,3.32263516551104e-18,0.0001091659942176193
numpy,1,product,3,500,3,shrinkage,0.9074827889131175,0.13765486090121426,0.8339144000000005,0.09139603526152619,0.00017691700486466289
numpy,1,product,3,500,3,mle,0.9527586329279254,0.0819922810034423,0.9122400000000002,0.04599559473502903,0.0007513329910580069
numpy,1,product,4,100,3,linear,0.9363494158615189,0.13153390542731944,0.8899999999999999,0.058411956683607616,0.00011495800572447479
numpy,1,product,4,100,3,projected,0.9363494158615189,0.13153390542731935,0.8899999999999999,0.058411956683607644,0.00011270900722593069
numpy,1,product,4,100,3,low_rank,0.9940684325926198,0.10891811197035131,0.9999999999999998,-2.4714872888128498e-17,0.00010966701665893197
numpy,1,product,4,100,3,shrinkage,0.892714480170032,0.17455959283083455,0.8158999999999998,0.1025707610152468,0.00017266700160689652
numpy,1,product,4,100,3,mle,0.9363494158615189,0.1315339054273194,0.8899999999999999,0.05841195668360769,0.0007636669906787574
numpy,1,product,4,500,3,linear,1.0,0.056130650269408056,1.037352,-0.018339656981790284,0.00011166700278408825
numpy,1,product,4,500,3,projected,0.9988048551611529,0.04889058884586148,1.0000000000000004,-8.423798153491339e-17,0.00011374999303370714
numpy,1,product,4,500,3,low_rank,0.9988048551611529,0.04889058884586148,1.0000000000000004,-8.423798153491339e-17,0.00010966698755510151
numpy,1,product,4,500,3,shrinkage,0.9653906075451504,0.06688725521128797,0.9352551200000001,0.03349430871638877,0.00017312500858679414
numpy,1,product,4,500,3,mle,0.9987282869892602,0.050432390585897255,0.9999999999987282,6.358445508994601e-13,0.00425562501186505
numpy,1,product,5,100,3,linear,1.0,0.11967917200310291,1.0493999999999999,-0.024118307255146305,0.00012187499669380486
numpy,1,product,5,100,3,projected,0.9937229328096494,0.11204529919784266,1.0,7.571381260680656e-18,0.00012320801033638418
numpy,1,product,5,100,3,low_rank,0.9937229328096494,0.11204529919784266,1.0,7.571381260680656e-18,0.00011299998732283711
numpy,1,product,5,100,3,shrinkage,0.9657846102094744,0.11595168731076508,0.945014,0.02829352347036819,0.00017579100676812232
numpy,1,product,5,100,3,mle,0.9958813587482228,0.0907594761052264,0.9999999999993414,3.2915483748610553e-13,0.0039102910086512566
numpy,1,product,5,500,3,linear,1.0,0.03533442844076394,1.006152,-0.003066595989039983,0.0001152500044554472
numpy,1,product,5,500,3,projected,0.9993888933763831,0.034960230483046695,1.0000000000000004,-7.66572673874815e-18,0.00011258397717028856
numpy,1,product,5,500,3,low_rank,0.9993888933763831,0.034960230483046695,1.0000000000000004,-7.66572673874815e-18,0.00011062499834224582
numpy,1,product,5,500,3,shrinkage,0.9522065714125459,0.07463236328773137,0.90998312,0.04724006360986404,0.00017166699399240315
numpy,1,product,5,500,3,mle,0.9994022218147353,0.034576818372797705,0.9999999999982566,8.717901055175482e-13,0.0027411250048317015
numpy,1,product,6,100,3,linear,0.9842956773140021,0.07217094548358595,0.9738,0.013276259054481869,0.00013091700384393334
numpy,1,product,6,100,3,projected,0.9842956773140024,0.0721709454835859,0.9738000000000003,0.013276259054481895,0.00023812497965991497
numpy,1,product,6,100,3,low_rank,0.9975057269690621,0.07062992853242761,1.0000000000000004,1.370216579685052e-16,0.00013279198901727796
numpy,1,product,6,100,3,shrinkage,0.9358661095826016,0.10975327254708749,0.8837779999999997,0.06194863314903367,0.00037966700620017946
numpy,1,product,6,100,3,mle,0.9842956773140021,0.07217094548358607,0.9738000000000001,0.013276259054481928,0.0008807920094113797
numpy,1,product,6,500,3,linear,1.0,0.043873667771762555,1.002168,-0.0010828274846386165,0.0001324159966316074
numpy,1,product,6,500,3,projected,0.999040800448762,0.043799533130784545,0.9999999999999999,-9.37947246176192e-17,0.00012849998893216252
numpy,1,product,6,500,3,low_rank,0.999040800448762,0.043799533130784545,0.9999999999999999,-9.37947246176192e-17,0.00012450001668184996
numpy,1,product,6,500,3,shrinkage,0.95010940152865,0.08085350240634157,0.9067560800000001,0.0490254552638253,0.00018479098798707128
numpy,1,product,6,500,3,mle,0.9991621943545932,0.040934661639398094,0.999999999998157,9.216328090420373e-13,0.0023887499992270023
numpy,1,product,7,100,3,linear,0.9992711743592975,0.10515536734473686,1.0096,-0.0047771785649584515,0.00011562497820705175
numpy,1,product,7,100,3,projected,0.9945461064647236,0.10444037282613744,1.0000000000000002,5.413412761202658e-17,0.0001143749977927655
numpy,1,product,7,100,3,low_rank,0.9945461064647236,0.10444037282613744,1.0000000000000002,5.413412761202658e-17,0.00011054202332161367
numpy,1,product,7,100,3,shrinkage,0.9493440569233678,0.11869240141334203,0.9127759999999999,0.045700539291537445,0.00018324999837204814
numpy,1,product,7,100,3,mle,0.9947122117526913,0.10283772131060653,0.9999999999982434,8.78368263894553e-13,0.003114124992862344
numpy,1,product,7,500,3,linear,1.0,0.03551664064119985,1.007944,-0.0039563473159158116,0.00011391699081286788
numpy,1,product,7,500,3,projected,0.9993897654028873,0.034935214243315464,0.9999999999999999,-2.369093956715795e-17,0.00011424999684095383
numpy,1,product,7,500,3,low_rank,0.9993897654028873,0.034935214243315464,0.9999999999999999,-2.369093956715795e-17,0.0001095420157071203
numpy,1,product,7,500,3,shrinkage,0.9530071668996697,0.07362288086045361,0.9114346399999996,0.04643928741567572,0.0001700409920886159
numpy,1,product,7,500,3,mle,0.9993359334665075,0.0364436598814602,0.999999999998205,8.976220525892305e-13,0.0027446660096757114
numpy,1,product,8,100,3,linear,0.951598953850985,0.10393311454021598,0.9139999999999999,0.045027473356907044,0.00012612499995157123
numpy,1,product,8,100,3,projected,0.9515989749434323,0.10393311454021609,0.9140000000000006,0.045027473356907155,0.0001233329821843654
numpy,1,product,8,100,3,low_rank,0.9962925586702884,0.08610977537800678,1.0000000000000007,-3.1576615347913783e-18,0.00011862500105053186
numpy,1,product,8,100,3,shrinkage,0.9064390584658866,0.1498728897039978,0.8353400000000004,0.09052472602121638,0.000299708015518263
numpy,1,product,8,100,3,mle,0.9515989538509853,0.10393311454021616,0.9139999999999999,0.0450274733569069,0.0008660419844090939
numpy,1,product,8,500,3,linear,1.0,0.048075653213450635,1.048632,-0.02375184963873872,0.00012008400517515838
numpy,1,product,8,500,3,projected,0.9994353396030035,0.033605368529327,0.9999999999999993,1.2609692035121565e-16,0.00011891699978150427
numpy,1,product,8,500,3,low_rank,0.9994353396030035,0.033605368529327,0.9999999999999993,1.2609692035121565e-16,0.00011387499398551881
numpy,1,product,8,500,3,shrinkage,0.9708443292056446,0.05199289940664982,0.9443919199999993,0.0286233353251352,0.00017379099153913558
numpy,1,product,8,500,3,mle,0.999342976739198,0.036250207752708624,0.9999999999986466,6.76827382558415e-13,0.002744332974543795
numpy,1,product,9,100,3,linear,0.9959953424614876,0.11405838450996744,1.005,-0.002493781056044487,0.00011416699271649122
numpy,1,product,9,100,3,projected,0.9935338119201198,0.11372060569553315,1.0,1.7756766457740393e-16,0.00011412499588914216
numpy,1,product,9,100,3,low_rank,0.9935338119201198,0.11372060569553315,1.0,1.7756766457740393e-16,0.00011020799865946174
numpy,1,product,9,100,3,shrinkage,0.9463958164896904,0.1275083666640008,0.9090499999999997,0.04775559704955998,0.00017183300224132836
numpy,1,product,9,100,3,mle,0.9931747521877006,0.11683553603115139,0.9999999999981593,9.2032483883721e-13,0.002720874996157363
numpy,1,product,9,500,3,linear,0.9846651728679756,0.10758099032953952,0.9809039999999999,0.009640947875946939,0.00011275001452304423
numpy,1,product,9,500,3,projected,0.9846651763649722,0.10758099032953958,0.9809039999999991,0.00964094787594688,0.0001160409883596003
numpy,1,product,9,500,3,low_rank,0.9941941656429787,0.1077574531716517,0.9999999999999996,-2.1067891756339866e-16,0.00010987499263137579
numpy,1,product,9,500,3,shrinkage,0.936198648733871,0.13090050623376556,0.8895322399999995,0.05867685308835222,0.0001723329769447446
numpy,1,product,9,500,3,mle,0.9846651799265748,0.10758099032953995,0.9809039999999997,0.009640947875946998,0.0007540409860666841
numpy,1,product,10,100,3,linear,0.9937519266291391,0.1367339835267857,1.0061999999999998,-0.0030904491242105293,0.0001135829952545464
numpy,1,product,10,100,3,projected,0.9907188257439407,0.13624370999102847,1.0000000000000013,4.33259477931767e-17,0.00011516601080074906
numpy,1,product,10,100,3,low_rank,0.9907188257439407,0.13624370999102847,1.0000000000000013,4.33259477931767e-17,0.00011054100468754768
numpy,1,product,10,100,3,shrinkage,0.9443767222891039,0.1458374575546107,0.9100220000000012,0.04721859578821031,0.00017470799502916634
numpy,1,product,10,100,3,mle,0.9906442352986214,0.13679009248064655,0.9999999999981064,9.466823737361301e-13,0.003540167002938688
numpy,1,product,10,500,3,linear,0.980686743574742,0.0491783778760156,0.9637920000000001,0.01844418807369791,0.0001250829955097288
numpy,1,product,10,500,3,projected,0.9806867435747424,0.04917837787601556,0.9637920000000003,0.018444188073697933,0.0001281249860767275
numpy,1,product,10,500,3,low_rank,0.9990976452468893,0.04248187267791539,1.0,2.2782528831461627e-17,0.00011645900667645037
numpy,1,product,10,500,3,shrinkage,0.9326180692172679,0.10215371537768242,0.8756715200000004,0.06659976926632803,0.00018125001224689186
numpy,1,product,10,500,3,mle,0.9806867435747424,0.04917837787601547,0.9637920000000002,0.018444188073697815,0.000764083000831306
numpy,1,product,11,100,3,linear,0.9771458042057848,0.09648000615894887,0.9636,0.018543875311571336,0.00011412499588914216
numpy,1,product,11,100,3,projected,0.977145804205785,0.096480006158949,0.9636000000000005,0.01854387531157146,0.00011454100604169071
numpy,1,product,11,100,3,low_rank,0.9955236622179923,0.0946185793806735,1.0000000000000009,2.3392244733759573e-17,0.00011304099461995065
numpy,1,product,11,100,3,shrinkage,0.929431240382899,0.1290486436565208,0.8755159999999997,0.0666894877804138,0.00016983301611617208
numpy,1,product,11,100,3,mle,0.9771458042057843,0.0964800061589495,0.9635999999999993,0.018543875311571593,0.0007723330054432154
numpy,1,product,11,500,3,linear,0.9876397616541759,0.04109144960072338,0.9769680000000001,0.011651763594870747,0.00011312501737847924
numpy,1,product,11,500,3,projected,0.9876397651220952,0.041091449600723376,0.9769680000000002,0.011651763594870737,0.00011054199421778321
numpy,1,product,11,500,3,low_rank,0.9992746105644673,0.038089218034959696,1.0000000000000002,-2.4009154262059708e-17,0.00011054199421778321
numpy,1,product,11,500,3,shrinkage,0.9388757717463704,0.0926959357645193,0.88634408,0.060486587235383804,0.00017079099779948592
numpy,1,product,11,500,3,mle,0.9876397616541759,0.04109144960072345,0.9769679999999998,0.011651763594870738,0.000756499997805804
numpy,1,product,12,100,3,linear,1.0,0.08399213103916635,1.0670000000000002,-0.032447180478965415,0.00011233397526666522
numpy,1,product,12,100,3,projected,0.9976762770017951,0.0681721790498734,1.0000000000000004,2.285113459410642e-17,0.00011316602467559278
numpy,1,product,12,100,3,low_rank,0.9976762770017951,0.0681721790498734,1.0000000000000004,2.285113459410642e-17,0.00010983299580402672
numpy,1,product,12,100,3,shrinkage,0.9769754033044032,0.07293291622340656,0.9592700000000001,0.02079753756893107,0.00016983298701234162
numpy,1,product,12,100,3,mle,0.9973537373355101,0.07274974452268312,0.9999999999991378,4.312503718638271e-13,0.003954165993491188
numpy,1,product,12,500,3,linear,0.9976668163745673,0.0545744193818247,0.998312,0.0008447135409662636,0.0001347079814877361
numpy,1,product,12,500,3,projected,0.9976668163745676,0.05457441938182476,0.9983120000000008,0.000844713540966258,0.0001347909856121987
numpy,1,product,12,500,3,low_rank,0.9985090109983358,0.05460749035917372,1.0000000000000007,-1.2182961082391594e-17,0.00011816600454039872
numpy,1,product,12,500,3,shrinkage,0.9479001413455176,0.08850113290674297,0.9036327199999992,0.050760242186869906,0.00018345800344832242
numpy,1,product,12,500,3,mle,0.9976668163745678,0.054574419381824474,0.9983120000000008,0.0008447135409658464,0.0007924580131657422
numpy,1,product,13,100,3,linear,1.0,0.1171125152534215,1.045,-0.022015325445527544,0.00011545800953172147
numpy,1,product,13,100,3,projected,0.9938957835239974,0.1104918380867744,1.0,-2.7604240911714357e-17,0.00011454100604169071
numpy,1,product,13,100,3,low_rank,0.9938957835239974,0.1104918380867744,1.0,-2.7604240911714357e-17,0.00011150000500492752
numpy,1,product,13,100,3,shrinkage,0.9640780964469565,0.11529877322020642,0.9414499999999997,0.0301862070990254,0.00017658298020251095
numpy,1,product,13,100,3,mle,0.9942601691992462,0.10714318270492583,0.9999999999986366,6.819094010842251e-13,0.0035345000214874744
numpy,1,product,13,500,3,linear,0.9906738140909991,0.03066548251697224,0.982288,0.008935849404581472,0.00011841600644402206
numpy,1,product,13,500,3,projected,0.9906738195073813,0.030665482516972015,0.982288,0.00893584940458133,0.00011245801579207182
numpy,1,product,13,500,3,low_rank,0.9996025605779347,0.028193595799898226,1.0,1.5907228696931352e-16,0.00011195798288099468
numpy,1,product,13,500,3,shrinkage,0.9416064326818994,0.08625783811456714,0.89065328,0.058042264464123396,0.00017095802468247712
numpy,1,product,13,500,3,mle,0.9906738140909993,0.030665482516972035,0.982288,0.008935849404581343,0.0007498339982703328
numpy,1,product,14,100,3,linear,1.0,0.11544825100362292,1.0596,-0.028961246217527697,0.00011483399430289865
numpy,1,product,14,100,3,projected,0.9944935516646248,0.10494234927211867,1.0000000000000013,1.7893906003637975e-16,0.00011662498582154512
numpy,1,product,14,100,3,low_rank,0.9944935516646248,0.10494234927211867,1.0000000000000013,1.7893906003637975e-16,0.0001227080065291375
numpy,1,product,14,100,3,shrinkage,0.9708222656030923,0.1078492874052302,0.9532760000000008,0.023934878404224966,0.0001754160039126873
numpy,1,product,14,100,3,mle,0.995644884287052,0.0933286206094816,0.9999999999989726,5.137651778686378e-13,0.004160250013228506
numpy,1,product,14,500,3,linear,1.0,0.02125118736699516,1.026128,-0.01289765060877422,0.00012450001668184996
numpy,1,product,14,500,3,projected,0.9999420484980043,0.010766795734309777,0.9999999999999993,-1.628094317454607e-16,0.0001220419944729656
numpy,1,product,14,500,3,low_rank,0.9999420484980043,0.010766795734309777,0.9999999999999993,-1.628094317454607e-16,0.00011324998922646046
numpy,1,product,14,500,3,shrinkage,0.9615543741659714,0.05527143627640256,0.9261636799999995,0.03839211445210346,0.00017533398931846023
numpy,1,product,14,500,3,mle,0.9998775147409107,0.015651534007805876,0.9999999999986185,6.90822080094578e-13,0.0039120420115068555
numpy,1,product,15,100,3,linear,1.0,0.06315345407067183,1.0122,-0.006063237155199741,0.0001144580019172281
numpy,1,product,15,100,3,projected,0.9980660356334795,0.06219267427149598,1.0000000000000002,2.5203177698357043e-17,0.0001155420031864196
numpy,1,product,15,100,3,low_rank,0.9980660356334795,0.06219267427149598,1.0000000000000002,2.5203177698357043e-17,0.00010970898438245058
numpy,1,product,15,100,3,shrinkage,0.9536952668120982,0.08655358389431853,0.914882,0.04454308656032025,0.0001717080012895167
numpy,1,product,15,100,3,mle,0.9982824629332776,0.05860983136348321,0.9999999999982658,8.670498487578384e-13,0.002711416018428281
numpy,1,product,15,500,3,linear,1.0,0.034635922233924886,1.034568,-0.016995164387443702,0.00011262501357123256
numpy,1,product,15,500,3,projected,0.9996992579922361,0.024526102256309235,1.0000000000000004,1.9228433541486284e-16,0.00011295898002572358
numpy,1,product,15,500,3,low_rank,0.9996992579922361,0.024526102256309235,1.0000000000000004,1.9228433541486284e-16,0.00011029199231415987
numpy,1,product,15,500,3,shrinkage,0.9650157756817354,0.05448451521391215,0.9330000800000011,0.034704352051300597,0.00017337501049041748
numpy,1,product,15,500,3,mle,0.9999459106523964,0.010400898716065062,0.9999999999988956,5.522510377507408e-13,0.003535249998094514
numpy,1,product,16,100,3,linear,1.0,0.10553092069159148,1.1564,-0.0728874234961002,0.00011799999629147351
numpy,1,product,16,100,3,projected,0.9997767559954094,0.021131243496635022,1.0,-2.0185096593672655e-17,0.00012599999899975955
numpy,1,product,16,100,3,low_rank,0.9997767559954094,0.021131243496635022,1.0,-2.0185096593672655e-17,0.0001134169870056212
numpy,1,product,16,100,3,shrinkage,0.9997767559954094,0.021131243496635022,1.0,-2.0185096593672655e-17,0.00017520898836664855
numpy,1,product,16,100,3,mle,0.9999973313928463,0.0023102410805704923,0.999999999999544,2.279626937118381e-13,0.0039026660087984055
numpy,1,product,16,500,3,linear,1.0,0.03964097329977412,1.0080799999999999,-0.004023808961441806,0.0001127920113503933
numpy,1,product,16,500,3,projected,0.9992366394866543,0.03907349590556884,0.9999999999999996,-6.88984565359214e-17,0.00011337499017827213
numpy,1,product,16,500,3,low_rank,0.9992366394866543,0.03907349590556884,0.9999999999999996,-6.88984565359214e-17,0.000110041000880301
numpy,1,product,16,500,3,shrinkage,0.9529288669561302,0.0754126387798361,0.9115447999999995,0.04637857193470248,0.00017345801461488008
numpy,1,product,16,500,3,mle,0.9991726202988687,0.04067873400651001,0.9999999999981107,9.447673817150237e-13,0.0027148329827468842
numpy,1,product,17,100,3,linear,1.0,0.07640369425493888,1.0244,-0.012054684579684286,0.00011691701365634799
numpy,1,product,17,100,3,projected,0.9972918450791428,0.07359558303128926,1.0000000000000002,3.767931042717691e-17,0.00012033298844471574
numpy,1,product,17,100,3,low_rank,0.9972918450791428,0.07359558303128926,1.0000000000000002,3.767931042717691e-17,0.0001170000177808106
numpy,1,product,17,100,3,shrinkage,0.9583531169080488,0.08976509369583456,0.9247640000000008,0.039150783878284405,0.00018016700050793588
numpy,1,product,17,100,3,mle,0.9989937177122934,0.044862224800006574,0.9999999999994558,2.7208609529330574e-13,0.004223791998811066
numpy,1,product,17,500,3,linear,0.996307682513278,0.00852261541104825,0.9926879999999999,0.0036694649731893294,0.000123415986308828
numpy,1,product,17,500,3,projected,0.9963076825132777,0.008522615411048769,0.9926879999999992,0.003669464973189498,0.00012725000851787627
numpy,1,product,17,500,3,low_rank,0.9999769785335375,0.00678549430218441,0.9999999999999996,2.290862811121512e-16,0.00011558298137970269
numpy,1,product,17,500,3,shrinkage,0.9466769433793951,0.07565349612608901,0.89907728,0.053302518475870836,0.00017724998178891838
numpy,1,product,17,500,3,mle,0.9963076825132777,0.008522615411049197,0.9926879999999995,0.0036694649731898094,0.0007605830032844096
numpy,1,product,18,100,3,linear,0.9545794144649061,0.1415669047496756,0.9292,0.036750607123981205,0.0001475409953854978
numpy,1,product,18,100,3,projected,0.9545794144649061,0.14156690474967562,0.9292,0.036750607123981205,0.00013266698806546628
numpy,1,product,18,100,3,low_rank,0.9906422152958718,0.13680494541470814,1.0000000000000002,2.2552771129091663e-18,0.00012745900312438607
numpy,1,product,18,100,3,shrinkage,0.9091214791025651,0.1714907276454426,0.8476519999999999,0.08307554641158311,0.00017770900740288198
numpy,1,product,18,100,3,mle,0.9545794057397984,0.1415669047496756,0.9292000000000002,0.03675060712398117,0.0007805829809512943
numpy,1,product,18,500,3,linear,0.9912040138783437,0.034409248265256924,0.983592,0.008272433150224965,0.00012387498281896114
numpy,1,product,18,500,3,projected,0.9912040157578426,0.03440924826525696,0.9835920000000004,0.008272433150225049,0.00011508300667628646
numpy,1,product,18,500,3,low_rank,0.9994676396585492,0.032630448179566805,1.0000000000000002,4.458843252054752e-17,0.00011720799375325441
numpy,1,product,18,500,3,shrinkage,0.9420836016352194,0.08684651247783119,0.8917095200000004,0.05744518983520269,0.00017141600255854428
numpy,1,product,18,500,3,mle,0.9912040116504909,0.03440924826525695,0.9835919999999999,0.008272433150225045,0.0007507079862989485
numpy,1,product,19,100,3,linear,0.988992767538016,0.037609676969720826,0.9794,0.010408333404254174,0.00011379198986105621
numpy,1,product,19,100,3,projected,0.9889927675380158,0.03760967696972083,0.9793999999999997,0.010408333404254037,0.00011487500160001218
numpy,1,product,19,100,3,low_rank,0.999388368616539,0.03497550177766,0.9999999999999996,-9.11119133707043e-17,0.0001111250021494925
numpy,1,product,19,100,3,shrinkage,0.9400934991913136,0.09015009163384206,0.8883139999999996,0.05936750006382863,0.00017345801461488008
numpy,1,product,19,100,3,mle,0.9889927560991166,0.037609676969720715,0.9793999999999999,0.010408333404254204,0.0009641659853514284
numpy,1,product,19,500,3,linear,1.0,0.0733190996194567,1.070568,-0.03411983674078229,0.0001224579755216837
numpy,1,product,19,500,3,projected,0.9985736516222807,0.05341064271696654,1.0000000000000004,1.9114406228145385e-17,0.00012045801850035787
numpy,1,product,19,500,3,low_rank,0.9985736516222807,0.05341064271696654,1.0000000000000004,1.9114406228145385e-17,0.00011433300096541643
numpy,1,product,19,500,3,shrinkage,0.9793365393339469,0.059050836845103725,0.9621600800000009,0.019292146933295822,0.0001807910157367587
numpy,1,product,19,500,3,mle,0.998821398493609,0.04855103512525677,0.9999999999989515,5.241513883843864e-13,0.004189416998997331
numpy,1,product,20,100,3,linear,1.0,0.11926571244397292,1.1388,-0.06515484603779169,0.00012187499669380486
numpy,1,product,20,100,3,projected,0.9974635260227573,0.0712246302516699,1.0000000000000007,2.071031518374677e-17,0.00012279200018383563
numpy,1,product,20,100,3,low_rank,0.9974635260227573,0.0712246302516699,1.0000000000000007,2.071031518374677e-17,0.00011345799430273473
numpy,1,product,20,100,3,shrinkage,0.9974635260227569,0.07122463025166983,0.9999999999999998,-1.8594056582781744e-17,0.00017512499471195042
numpy,1,product,20,100,3,mle,0.9984359541540208,0.055929345532281856,0.9999999999997102,1.4474429675937996e-13,0.004707790998509154
numpy,1,product,20,500,3,linear,1.0,0.07546521738017617,1.0388879999999998,-0.019079955305538614,0.00011274998541921377
numpy,1,product,20,500,3,projected,0.9976078511812468,0.06916892128066736,1.0000000000000002,-3.709084091948663e-17,0.00011383299715816975
numpy,1,product,20,500,3,low_rank,0.9976078511812468,0.06916892128066736,1.0000000000000002,-3.709084091948663e-17,0.00011029202141799033
numpy,1,product,20,500,3,shrinkage,0.9649368610135771,0.08139766047506242,0.9364992799999996,0.03282804022501521,0.0001738749851938337
numpy,1,product,20,500,3,mle,0.9976565013055834,0.06846181946842024,0.9999999999987932,6.033387928634697e-13,0.004427291016327217
numpy,1,product,21,100,3,linear,1.0,0.055712349421896304,1.014,-0.006951674225463052,0.00014825002290308475
numpy,1,product,21,100,3,projected,0.9985170113435231,0.054460786929257696,1.0,-6.050855005735764e-17,0.0001333339896518737
numpy,1,product,21,100,3,low_rank,0.9985170113435231,0.054460786929257696,1.0,-6.050855005735764e-17,0.00015495799016207457
numpy,1,product,21,100,3,shrinkage,0.9549032745109006,0.08082994055606327,0.9163399999999998,0.043743493197083136,0.00020012501045130193
numpy,1,product,21,100,3,mle,0.9986453967248392,0.052050338208305305,0.9999999999981792,9.104517481674652e-13,0.002758416987489909
numpy,1,product,21,500,3,linear,1.0,0.08438385083321051,1.00952,-0.004737555567247191,0.00011708398233167827
numpy,1,product,21,500,3,projected,0.9964953343881935,0.08372174880885963,1.0000000000000002,-1.562441001828509e-18,0.00011441699462011456
numpy,1,product,21,500,3,low_rank,0.9964953343881935,0.08372174880885963,1.0000000000000002,-1.562441001828509e-18,0.00011087500024586916
numpy,1,product,21,500,3,shrinkage,0.9510797145733516,0.10272181293813591,0.9127112,0.045736199989477457,0.00017262500477954745
numpy,1,product,21,500,3,mle,0.9965288767783592,0.08332030612439796,0.9999999999981501,9.249504335700682e-13,0.003172958007780835
numpy,1,product,22,100,3,linear,1.0,0.08326892076776717,1.0075999999999998,-0.003785668712399929,0.00011791600263677537
numpy,1,product,22,100,3,projected,0.996573425946464,0.08278383284959848,1.0,3.6743886802935926e-18,0.00011620897566899657
numpy,1,product,22,100,3,low_rank,0.996573425946464,0.08278383284959848,1.0,3.6743886802935926e-18,0.00011150000500492752
numpy,1,product,22,100,3,shrinkage,0.950299837193797,0.10274405992195254,0.9111560000000003,0.04659289815883998,0.00017266700160689652
numpy,1,product,22,100,3,mle,0.9965009282010706,0.0836549077816398,0.9999999999980952,9.524582557086135e-13,0.0027109580114483833
numpy,1,product,22,500,3,linear,0.9891886428035845,0.03707738488716673,0.9797520000000002,0.01022862476457444,0.00012108302325941622
numpy,1,product,22,500,3,projected,0.9891886591071788,0.03707738488716674,0.9797519999999997,0.010228624764574494,0.0001289999927394092
numpy,1,product,22,500,3,low_rank,0.9994050882718689,0.03449381765277024,0.9999999999999996,1.8442227776316827e-17,0.00012562499614432454
numpy,1,product,22,500,3,shrinkage,0.9402697867793504,0.08977515927618289,0.8885991199999994,0.059205762288117,0.00018704100511968136
numpy,1,product,22,500,3,mle,0.9891886387837248,0.0370773848871669,0.9797519999999995,0.010228624764574692,0.0007695000094827265
numpy,1,product,23,100,3,linear,0.9603637575220704,0.1071096977168845,0.9321999999999999,0.03513442803322157,0.00011329201515763998
numpy,1,product,23,100,3,projected,0.9603637600534393,0.10710969771688503,0.9321999999999989,0.035134428033221705,0.00011766701936721802
numpy,1,product,23,100,3,low_rank,0.9951579382183192,0.09840794461507045,0.999999999999999,4.5587560795853886e-17,0.000157416972797364
numpy,1,product,23,100,3,shrinkage,0.9143273806947503,0.1463804584311105,0.8500820000000007,0.08162098522989938,0.00019533399608917534
numpy,1,product,23,100,3,mle,0.9603637594469148,0.10710969771688489,0.9321999999999994,0.035134428033222205,0.0008826669945847243
numpy,1,product,23,500,3,linear,0.967372545144064,0.07817249868901589,0.940856,0.030502396172248807,0.0001144580019172281
numpy,1,product,23,500,3,projected,0.9673725302243589,0.07817249868901598,0.9408559999999997,0.03050239617224882,0.00011524997535161674
numpy,1,product,23,500,3,low_rank,0.9977368642714396,0.06727757023795672,0.9999999999999998,4.100231750072369e-17,0.00011087500024586916
numpy,1,product,23,500,3,shrinkage,0.9206352772019234,0.1257887339794613,0.8570933600000008,0.07745215655502372,0.000173041014932096
numpy,1,product,23,500,3,mle,0.9673725302243589,0.07817249868901599,0.9408559999999997,0.030502396172248886,0.0007573750044684857
numpy,1,product,24,100,3,linear,0.9943643041221547,0.1071046424394916,1.0002,-9.999000199952888e-05,0.00011654102127067745
numpy,1,product,24,100,3,projected,0.9942654545763707,0.10709384131338646,0.9999999999999997,-1.2687882733239587e-16,0.00011533399811014533
numpy,1,product,24,100,3,low_rank,0.9942654545763707,0.10709384131338646,0.9999999999999997,-1.2687882733239587e-16,0.00011029199231415987
numpy,1,product,24,100,3,shrinkage,0.9449278886722718,0.1237184868517318,0.9051619999999996,0.049910008998200354,0.00017066698637790978
numpy,1,product,24,100,3,mle,0.9942455099653076,0.10728003319118677,0.9999999999980074,9.961742623797729e-13,0.0015554580022580922
numpy,1,product,24,500,3,linear,0.9880654188586125,0.07119804971186838,0.9812000000000001,0.009490061262771103,0.00011241700849495828
numpy,1,product,24,500,3,projected,0.9880654188586128,0.07119804971186848,0.9812000000000005,0.009490061262771085,0.00011195801198482513
numpy,1,product,24,500,3,low_rank,0.997508185170611,0.07059482742224756,1.0000000000000004,1.2583095534633077e-17,0.00010887501412071288
numpy,1,product,24,500,3,shrinkage,0.9392588985222372,0.10608603138253538,0.8897720000000003,0.05854105513649391,0.00017362498329021037
numpy,1,product,24,500,3,mle,0.988065418858613,0.07119804971186844,0.9812000000000006,0.0094900612627709,0.0007570000016130507
numpy,1,product,25,100,3,linear,0.958894463604748,0.1503698437682036,0.9404000000000001,0.030745271733997354,0.00011362502118572593
numpy,1,product,25,100,3,projected,0.9588944550425631,0.15036984376820361,0.9403999999999998,0.030745271733997385,0.00011237498256377876
numpy,1,product,25,100,3,low_rank,0.988960928255616,0.14858715788643376,0.9999999999999998,3.5536853562076976e-17,0.00010991599992848933
numpy,1,product,25,100,3,shrinkage,0.9130050095383071,0.17525404681029927,0.856724,0.07767074456059773,0.0001723750028759241
numpy,1,product,25,100,3,mle,0.958894463604748,0.15036984376820361,0.9404000000000001,0.030745271733997423,0.000768458005040884
numpy,1,product,25,500,3,linear,0.997857480602212,0.015396388782975834,0.995952,0.0020281132433277588,0.00011358401388861239
numpy,1,product,25,500,3,projected,0.9978574756062213,0.015396388782975891,0.9959519999999991,0.0020281132433277206,0.00011554098455235362
numpy,1,product,25,500,3,low_rank,0.9998851228819402,0.015157646127251704,0.9999999999999993,-1.3176903022401209e-17,0.00011091702617704868
numpy,1,product,25,500,3,shrinkage,0.9480717477896258,0.07468375933762912,0.9017211199999996,0.05182530191899497,0.00017962499987334013
numpy,1,product,25,500,3,mle,0.9978574756062217,0.015396388782975952,0.9959519999999993,0.0020281132433278295,0.0007580000092275441
numpy,1,product,26,100,3,linear,1.0,0.06854714280328963,1.042,-0.020576603392814787,0.00012966699432581663
numpy,1,product,26,100,3,projected,0.9981501677433157,0.06082486755734106,0.9999999999999997,4.848401300770677e-18,0.00013629099703393877
numpy,1,product,26,100,3,low_rank,0.9981501677433157,0.06082486755734106,0.9999999999999997,4.848401300770677e-18,0.00011625001206994057
numpy,1,product,26,100,3,shrinkage,0.9667855801460772,0.07381625639278325,0.9390199999999999,0.03148105694646673,0.0001765000051818788
numpy,1,product,26,100,3,mle,0.9991709039614295,0.04072119981806974,0.9999999999989209,5.396577663764172e-13,0.0035646659962367266
numpy,1,product,26,500,3,linear,0.987844469343937,0.06473840677778073,0.97988,0.01016329251474023,0.0001144580019172281
numpy,1,product,26,500,3,projected,0.987844469343937,0.06473840677778069,0.97988,0.01016329251474023,0.00011891699978150427
numpy,1,product,26,500,3,low_rank,0.9979664262489121,0.06377419150546294,1.0,-1.2507737495394472e-17,0.0001093749888241291
numpy,1,product,26,500,3,shrinkage,0.939060024106303,0.10287251907537243,0.8887027999999999,0.0591469632632662,0.00017416701302863657
numpy,1,product,26,500,3,mle,0.987844469343937,0.06473840677778075,0.97988,0.010163292514740227,0.0007614160131197423
numpy,1,product,27,100,3,linear,0.9904890122423176,0.05676244810932457,0.9842,0.007963415994298175,0.00011354198795743287
numpy,1,product,27,100,3,projected,0.9904890122423176,0.056762448109324536,0.9842,0.007963415994298067,0.00011479199747554958
numpy,1,product,27,100,3,low_rank,0.9984273882379355,0.05608241427643597,1.0000000000000002,-1.4356199131072355e-16,0.00011012499453499913
numpy,1,product,27,100,3,shrinkage,0.9414401110180859,0.09654935506686392,0.8922020000000003,0.05716707439486824,0.00017254200065508485
numpy,1,product,27,100,3,mle,0.990489012242318,0.05676244810932425,0.9842000000000009,0.007963415994297894,0.0007519579958170652
numpy,1,product,27,500,3,linear,0.9945464771479692,0.020075998208327613,0.989496,0.00527987710221455,0.00011066699516959488
numpy,1,product,27,500,3,projected,0.994546477147969,0.02007599820832766,0.9894960000000002,0.005279877102214625,0.0001120000088121742
numpy,1,product,27,500,3,low_rank,0.9998245010241353,0.018734939330788056,1.0000000000000002,2.6643380802806143e-17,0.0001086670090444386
numpy,1,product,27,500,3,shrinkage,0.9450918294331725,0.07942355528213695,0.8964917600000003,0.05475188939199328,0.00017324998043477535
numpy,1,product,27,500,3,mle,0.994546477147969,0.0200759982083278,0.9894959999999996,0.005279877102214722,0.0011731669947039336
numpy,1,product,28,100,3,linear,0.966673371146124,0.07907754237298958,0.9396,0.0311716732107583,0.00011229200754314661
numpy,1,product,28,100,3,projected,0.9666733711461242,0.07907754237298975,0.9395999999999995,0.031171673210758286,0.00011412499588914216
numpy,1,product,28,100,3,low_rank,0.9977017646759149,0.06779727611173336,0.9999999999999997,3.6158625180859483e-17,0.00011266599176451564
numpy,1,product,28,100,3,shrinkage,0.9200060401326066,0.12674356763550879,0.8560759999999994,0.07805450588968242,0.0001720830041449517
numpy,1,product,28,100,3,mle,0.966673371146124,0.07907754237298972,0.9395999999999998,0.031171673210758376,0.0007541670056525618
numpy,1,product,28,500,3,linear,1.0,0.05382686884959807,1.0286240000000002,-0.014112828083486042,0.00012149999383836985
numpy,1,product,28,500,3,projected,0.9987848075718515,0.04929897222445031,0.9999999999999997,-9.413860396086349e-17,0.00011945897131226957
numpy,1,product,28,500,3,low_rank,0.9987848075718515,0.04929897222445031,0.9999999999999997,-9.413860396086349e-17,0.0001137500221375376
numpy,1,product,28,500,3,shrinkage,0.9615770006854311,0.07093263444379248,0.9281854399999988,0.037298454724862755,0.0001757920254021883
numpy,1,product,28,500,3,mle,0.9988736059507474,0.047463878848623825,0.9999999999986409,6.795995062711165e-13,0.0043337499955669045
numpy,1,product,29,100,3,linear,1.0,0.13177567375339522,1.0194,-0.00960769224963626,0.00011404199176467955
numpy,1,product,29,100,3,projected,0.9915718503517719,0.1298318611620191,1.0000000000000004,7.722172973714039e-18,0.00011545800953172147
numpy,1,product,29,100,3,low_rank,0.9915718503517719,0.1298318611620191,1.0000000000000004,7.722172973714039e-18,0.00011125000310130417
numpy,1,product,29,100,3,shrinkage,0.9509158273130773,0.13741304659254558,0.9207140000000003,0.04135307697532729,0.0001753329997882247
numpy,1,product,29,100,3,mle,0.9919154805991494,0.1271576856746401,0.9999999999984726,7.635832569361513e-13,0.003914417000487447
numpy,1,product,29,500,3,linear,0.9850633214188512,0.04129644206321327,0.971832,0.014288151266617545,0.00011158399865962565
numpy,1,product,29,500,3,projected,0.9850633019364599,0.041296442063213534,0.9718320000000003,0.014288151266617711,0.00011429100413806736
numpy,1,product,29,500,3,low_rank,0.9993323749476014,0.03654107421514953,1.0,-1.1058887158617055e-16,0.00011020799865946174
numpy,1,product,29,500,3,shrinkage,0.9365569717428136,0.0952364243048441,0.8821839200000002,0.06285933613995609,0.00017345900414511561
numpy,1,product,29,500,3,mle,0.98506332613074,0.04129644206321372,0.971832,0.014288151266617765,0.0010109169816132635
numpy,1,haar,0,100,3,linear,1.0,0.11586856453459042,1.0233999999999999,-0.011566222497146492,0.00011266599176451564
numpy,1,haar,0,100,3,projected,0.9935697747441292,0.11340403436743983,1.0000000000000004,2.345763541501925e-17,0.00011379198986105621
numpy,1,haar,0,100,3,low_rank,0.9935697747441292,0.11340403436743983,1.0000000000000004,2.345763541501925e-17,0.00011029199231415987
numpy,1,haar,0,100,3,shrinkage,0.9544885452036606,0.12238043888863893,0.9239540000000004,0.03959039975256823,0.00017312500858679414
numpy,1,haar,0,100,3,mle,0.9953963308026147,0.0959551386509213,0.9999999999990331,4.83585116391091e-13,0.0036712500150315464
numpy,1,haar,0,500,3,linear,1.0,0.04429459908955779,1.008432,-0.004198373658622581,0.00011354201706126332
numpy,1,haar,0,500,3,projected,0.9990446424827938,0.04371172650914873,0.9999999999999998,-2.131188164200806e-16,0.00011474997154437006
numpy,1,haar,0,500,3,low_rank,0.9990446424827938,0.04371172650914873,0.9999999999999998,-2.131188164200806e-16,0.00011187497875653207
numpy,1,haar,0,500,3,shrinkage,0.9529115254129792,0.07750438927992553,0.9118299199999991,0.046221463707239764,0.00017691601533442736
numpy,1,haar,0,500,3,mle,0.999078394358049,0.04293263656790013,0.9999999999987703,6.149125357047014e-13,0.003126541996607557
numpy,1,haar,1,100,3,linear,1.0,0.04432450376029285,1.0350000000000001,-0.017204021639430026,0.00011179200373589993
numpy,1,haar,1,100,3,projected,0.999336478036218,0.03642861413180165,1.0000000000000004,-1.1715192548119639e-17,0.0001124159898608923
numpy,1,haar,1,100,3,low_rank,0.999336478036218,0.03642861413180165,1.0000000000000004,-1.1715192548119639e-17,0.00010920799104496837
numpy,1,haar,1,100,3,shrinkage,0.9648659022648817,0.06015143780689342,0.9333500000000002,0.034516380524512884,0.00017687500803731382
numpy,1,haar,1,100,3,mle,0.9993299723139252,0.03660726966365357,0.9999999999984972,7.515050085432375e-13,0.0035513339971657842
numpy,1,haar,1,500,3,linear,0.9779882261635151,0.0669892055863619,0.960464,0.020175031912677468,0.00011141700088046491
numpy,1,haar,1,500,3,projected,0.977988223167454,0.06698920558636168,0.9604640000000007,0.020175031912677395,0.00011195900151506066
numpy,1,haar,1,500,3,low_rank,0.9980860520807515,0.06187041115794264,1.0000000000000004,-1.3641185795788708e-16,0.00011074999929405749
numpy,1,haar,1,500,3,shrinkage,0.9301894008507083,0.11223652836123642,0.8729758400000005,0.06815752872140976,0.0001734999823383987
numpy,1,haar,1,500,3,mle,0.977988223167454,0.0669892055863618,0.9604640000000005,0.020175031912677402,0.000757958012400195
numpy,1,haar,2,100,3,linear,0.9564470502338303,0.07004212684049217,0.9178,0.0429442047189425,0.00011529098264873028
numpy,1,haar,2,100,3,projected,0.9564470502338305,0.07004212684049209,0.9178000000000004,0.04294420471894251,0.0001170000177808106
numpy,1,haar,2,100,3,low_rank,0.9993340894115244,0.03649497835472766,1.0000000000000004,-2.73272061525815e-17,0.00010941599612124264
numpy,1,haar,2,100,3,shrinkage,0.91080234941176,0.12966614661933015,0.8384180000000003,0.08864978424704828,0.00017362501239404082
numpy,1,haar,2,100,3,mle,0.9564470502338305,0.07004212684049202,0.9178000000000004,0.04294420471894219,0.0011724169889930636
numpy,1,haar,2,500,3,linear,0.9982141174458925,0.019281582848534068,0.9968,0.001602568224915722,0.00011195798288099468
numpy,1,haar,2,500,3,projected,0.9982141220929799,0.01928158284853444,0.9968000000000007,0.0016025682249156369,0.00011241700849495828
numpy,1,haar,2,500,3,low_rank,0.9998160890466433,0.019178683654363152,1.0000000000000009,1.1404952089049896e-16,0.00010920900967903435
numpy,1,haar,2,500,3,shrinkage,0.9483926992532848,0.07498400825129592,0.9024079999999999,0.0514423114024242,0.00017258297884836793
numpy,1,haar,2,500,3,mle,0.9982141102814277,0.01928158284853454,0.9968000000000004,0.0016025682249154291,0.000965375016676262
numpy,1,haar,3,100,3,linear,1.0,0.08650297198962864,1.0850000000000002,-0.040832691319598435,0.00011266701039858162
numpy,1,haar,3,100,3,projected,0.9980825281176284,0.06192707869167513,0.9999999999999993,-4.867795150694023e-17,0.00011379198986105621
numpy,1,haar,3,100,3,low_rank,0.9980825281176284,0.06192707869167513,0.9999999999999993,-4.867795150694023e-17,0.00011079100659117103
numpy,1,haar,3,100,3,shrinkage,0.9848827561266329,0.0639099972362276,0.9738499999999994,0.013250577812361528,0.00017291700351051986
numpy,1,haar,3,100,3,mle,0.9976339289543226,0.06879067980017745,0.9999999999993585,3.205745105814801e-13,0.004306874994654208
numpy,1,haar,3,500,3,linear,0.9834967102094389,0.04145575449950398,0.968712,0.01589670523740491,0.00011479097884148359
numpy,1,haar,3,500,3,projected,0.983496732000531,0.04145575449950407,0.9687119999999999,0.015896705237404943,0.0001143749977927655
numpy,1,haar,3,500,3,low_rank,0.9993734967725703,0.0353978312169012,0.9999999999999994,1.9400053362377492e-17,0.00011979200644418597
numpy,1,haar,3,500,3,shrinkage,0.9351470563283415,0.09676074422518081,0.8796567199999997,0.06430703471366449,0.00017250000382773578
numpy,1,haar,3,500,3,mle,0.9834967102094384,0.04145575449950408,0.9687119999999999,0.015896705237405138,0.0007640419935341924
numpy,1,haar,4,100,3,linear,0.9839455343141795,0.11961994554271156,0.9822,0.008980652112363104,0.0001126249844674021
numpy,1,haar,4,100,3,projected,0.9839455343141795,0.11961994554271184,0.9821999999999997,0.008980652112363003,0.000112209003418684
numpy,1,haar,4,100,3,low_rank,0.9927968076982208,0.1200265995667529,0.9999999999999994,-2.0839523820484763e-16,0.00010924998787231743
numpy,1,haar,4,100,3,shrinkage,0.9355509808827617,0.1395709075505249,0.8905819999999998,0.05808258690112673,0.00017300000763498247
numpy,1,haar,4,100,3,mle,0.9839455343141797,0.1196199455427121,0.9822000000000002,0.00898065211236299,0.0009212919976562262
numpy,1,haar,4,500,3,linear,0.9921491243923521,0.04076458285443345,0.98596,0.007069984683424096,0.00011366599937900901
numpy,1,haar,4,500,3,projected,0.9921491486149935,0.040764582854433275,0.9859600000000006,0.007069984683423934,0.00011649998486973345
numpy,1,haar,4,500,3,low_rank,0.9992079089323439,0.039801785579457315,1.0000000000000004,5.245765146567457e-17,0.00011379198986105621
numpy,1,haar,4,500,3,shrinkage,0.9429342119531172,0.08808618560118478,0.8936276000000002,0.05636298621508126,0.00017291700351051986
numpy,1,haar,4,500,3,mle,0.992149151567571,0.040764582854433205,0.98596,0.007069984683424147,0.000755749992094934
numpy,1,haar,5,100,3,linear,0.9332531204023363,0.1299760716325374,0.8834000000000002,0.06216441442020728,0.00011162500595673919
numpy,1,haar,5,100,3,projected,0.9332531204023363,0.12997607163253724,0.8834000000000002,0.06216441442020739,0.0001120830129366368
numpy,1,haar,5,100,3,low_rank,0.9947669172720556,0.10230445176433167,1.0000000000000002,1.3293415585973302e-16,0.00010895798914134502
numpy,1,haar,5,100,3,shrinkage,0.8899278195764918,0.17520959242382791,0.8105539999999997,0.1059479729781865,0.00017404102254658937
numpy,1,haar,5,100,3,mle,0.9332531199209197,0.12997607163253733,0.8833999999999997,0.06216441442020747,0.000766624987591058
numpy,1,haar,5,500,3,linear,1.0,0.013896947144660977,1.019192,-0.009505642755799138,0.00011175000690855086
numpy,1,haar,5,500,3,projected,0.9999939286606123,0.0034898583042245706,1.0000000000000002,-3.32881903354851e-17,0.00011520797852426767
numpy,1,haar,5,500,3,low_rank,0.9999939286606123,0.0034898583042245706,1.0000000000000002,-3.32881903354851e-17,0.00011000002268701792
numpy,1,haar,5,500,3,shrinkage,0.9585495179108943,0.05870717695433299,0.9205455200000001,0.04144492151978086,0.00017220797599293292
numpy,1,haar,5,500,3,mle,0.9999775497712123,0.006704368210517214,0.9999999999983875,8.065100291249109e-13,0.0031365419854409993
numpy,1,haar,6,100,3,linear,0.9740741831827344,0.1698576864158037,0.977,0.011635382117008791,0.00011295900912955403
numpy,1,haar,6,100,3,projected,0.9740741831827344,0.1698576864158037,0.9769999999999999,0.011635382117008736,0.00011491597979329526
numpy,1,haar,6,100,3,low_rank,0.9853690929103296,0.17106084934706398,0.9999999999999996,0.0,0.00010966701665893197
numpy,1,haar,6,100,3,shrinkage,0.9266667648644609,0.1817593746442711,0.8863699999999999,0.06047184390530805,0.00017416701302863657
numpy,1,haar,6,100,3,mle,0.9740741831827349,0.1698576864158037,0.9770000000000001,0.01163538211700868,0.0007761669985484332
numpy,1,haar,6,500,3,linear,1.0,0.03839710898119464,1.021992,-0.010877676161329165,0.00011070800246670842
numpy,1,haar,6,500,3,projected,0.9993943313837504,0.03480427031985717,1.0,1.4339273284751438e-16,0.00011320799239911139
numpy,1,haar,6,500,3,low_rank,0.9993943313837504,0.03480427031985717,1.0,1.4339273284751438e-16,0.0001093749888241291
numpy,1,haar,6,500,3,shrinkage,0.9592329633126638,0.06593651628879349,0.9228135200000006,0.04021009145480379,0.00017516702064312994
numpy,1,haar,6,500,3,mle,0.9981838837532546,0.06026828964289652,0.9999999999995013,2.4927285635141443e-13,0.0040619170176796615
numpy,1,haar,7,100,3,linear,0.9912842482295586,0.18770056883473152,1.0177999999999998,-0.008822169328341936,0.00011662501492537558
numpy,1,haar,7,100,3,projected,0.9827661697397664,0.18565474066328957,1.0000000000000016,1.3951540510994013e-16,0.00011624998296611011
numpy,1,haar,7,100,3,low_rank,0.9827661697397664,0.18565474066328957,1.0000000000000016,1.3951540510994013e-16,0.00010999999358318746
numpy,1,haar,7,100,3,shrinkage,0.9421558234066036,0.1873668945859793,0.9194180000000017,0.04206004760449206,0.0001745420158840716
numpy,1,haar,7,100,3,mle,0.9830117853891521,0.18432696281354566,0.999999999998372,8.140211619074154e-13,0.003953459003241733
numpy,1,haar,7,500,3,linear,1.0,0.03636812418770012,1.04664,-0.02280015302216583,0.00011320799239911139
numpy,1,haar,7,500,3,projected,0.99986469662469,0.016450129197601776,0.9999999999999998,5.5375829652676233e-17,0.00011225001071579754
numpy,1,haar,7,500,3,low_rank,0.99986469662469,0.016450129197601776,0.9999999999999998,5.5375829652676233e-17,0.00010904198279604316
numpy,1,haar,7,500,3,shrinkage,0.9703928117943798,0.04464052431635183,0.9427783999999999,0.02947986228005086,0.0001741250162012875
numpy,1,haar,7,500,3,mle,0.9999156724422009,0.012986728398759353,0.9999999999989062,5.468081699147545e-13,0.004337041988037527
numpy,1,haar,8,100,3,linear,0.9985159004728179,0.012969157812432712,0.9971999999999999,0.0014019655072834568,0.0005827090062666684
numpy,1,haar,8,100,3,projected,0.9985159004728177,0.012969157812432942,0.9971999999999994,0.0014019655072833128,0.00018179099424742162
numpy,1,haar,8,100,3,low_rank,0.9999176350344195,0.012834715858154794,0.9999999999999993,-3.591378896488981e-17,0.00011691698455251753
numpy,1,haar,8,100,3,shrinkage,0.948664310425536,0.07350768088388751,0.9027319999999994,0.05126176895655495,0.00018162501510232687
numpy,1,haar,8,100,3,mle,0.9985159004728184,0.012969157812433421,0.9972000000000008,0.0014019655072831092,0.0014208749926183373
numpy,1,haar,8,500,3,linear,0.9890570464922149,0.041157101642000225,0.979808,0.010200040832994924,0.00011562497820705175
numpy,1,haar,8,500,3,projected,0.9890570464922147,0.04115710164200033,0.9798079999999998,0.010200040832994832,0.00011695799184963107
numpy,1,haar,8,500,3,low_rank,0.9992416162344583,0.038945699776520036,0.9999999999999998,-1.3927262533790474e-18,0.00010983299580402672
numpy,1,haar,8,500,3,shrinkage,0.9401513418429933,0.09133343480901693,0.8886444800000001,0.0591800367496953,0.00017304200446233153
numpy,1,haar,8,500,3,mle,0.9890570464922147,0.041157101642000336,0.9798079999999999,0.01020004083299496,0.0007570840243715793
numpy,1,haar,9,100,3,linear,1.0,0.10420407586458275,1.0526,-0.025642464038056936,0.00011604200699366629
numpy,1,haar,9,100,3,projected,0.9954610699497186,0.09527780486851721,1.0000000000000002,7.772989737173361e-17,0.0001126249844674021
numpy,1,haar,9,100,3,low_rank,0.9954610699497186,0.09527780486851721,1.0000000000000002,7.772989737173361e-17,0.00011033299961127341
numpy,1,haar,9,100,3,shrinkage,0.9687836797579442,0.10019301614440322,0.947606,0.026921782365748978,0.00017691700486466289
numpy,1,haar,9,100,3,mle,0.9961805754310936,0.0874005099366489,0.9999999999993725,3.138002851443768e-13,0.0039247089880518615
numpy,1,haar,9,500,3,linear,1.0,0.028370681569818645,1.013952,-0.006928002777514562,0.00011258298764005303
numpy,1,haar,9,500,3,projected,0.9996503935845519,0.026442632828379466,0.9999999999999996,-1.8244020252938776e-17,0.00011320901103317738
numpy,1,haar,9,500,3,low_rank,0.9996503935845519,0.026442632828379466,0.9999999999999996,-1.8244020252938776e-17,0.00010912498692050576
numpy,1,haar,9,500,3,shrinkage,0.9559161969922695,0.06684853039119466,0.9163011200000004,0.043764797500236804,0.0001728750066831708
numpy,1,haar,9,500,3,mle,0.9995811553339207,0.028942863207154633,0.9999999999984688,7.656123891548198e-13,0.0031563329976052046
numpy,1,haar,10,100,3,linear,0.9942042541548759,0.058236673815607154,0.9917999999999999,0.004116949271302532,0.00011741698835976422
numpy,1,haar,10,100,3,projected,0.9942042694512883,0.058236673815607085,0.9917999999999997,0.004116949271302532,0.00012029102072119713
numpy,1,haar,10,100,3,low_rank,0.9983072652506814,0.05818494130117993,0.9999999999999996,-3.9954342043759185e-18,0.00011733299470506608
numpy,1,haar,10,100,3,shrinkage,0.944783832574454,0.09375691526172805,0.898358,0.05370525434417215,0.00018091601668857038
numpy,1,haar,10,100,3,mle,0.9942042449114467,0.05823667381560749,0.9917999999999998,0.004116949271302603,0.0011868749861605465
numpy,1,haar,10,500,3,linear,1.0,0.036850699040470385,1.009032,-0.00449578789123705,0.00011266599176451564
numpy,1,haar,10,500,3,projected,0.9993471075892989,0.03613597274084466,1.0,-2.0418347075129743e-16,0.00011491699842736125
numpy,1,haar,10,500,3,low_rank,0.9993471075892989,0.03613597274084466,1.0,-2.0418347075129743e-16,0.00010945799294859171
numpy,1,haar,10,500,3,shrinkage,0.9534533116911024,0.0735479205538415,0.9123159199999994,0.04595379089788648,0.00017262500477954745
numpy,1,haar,10,500,3,mle,0.9999568012643518,0.009296613771053487,0.9999999999999641,1.77454277869504e-14,0.004703958984464407
numpy,1,haar,11,100,3,linear,0.9536993826507967,0.12410171110184262,0.9227999999999998,0.040217442697094166,0.00011358398478478193
numpy,1,haar,11,100,3,projected,0.9536993826507972,0.12410171110184266,0.922800000000001,0.04021744269709395,0.00011212500976398587
numpy,1,haar,11,100,3,low_rank,0.9933847265892456,0.11502411408703649,1.0000000000000007,-2.0647237528741357e-17,0.0001092919846996665
numpy,1,haar,11,100,3,shrinkage,0.9083294443857166,0.16065214355421692,0.842467999999999,0.08619569842738468,0.0001746669877320528
numpy,1,haar,11,100,3,mle,0.9536993919386445,0.12410171110184273,0.9228000000000005,0.04021744269709385,0.0009556250006426126
numpy,1,haar,11,500,3,linear,0.9952951236929479,0.009042137199315613,0.9906720000000002,0.004685958204292423,0.00011854097829200327
numpy,1,haar,11,500,3,projected,0.9952951406374305,0.00904213719931546,0.9906720000000013,0.004685958204292286,0.00011258400627411902
numpy,1,haar,11,500,3,low_rank,0.9999809235682479,0.006180765421554821,1.000000000000001,4.569392995112987e-18,0.00010916698374785483
numpy,1,haar,11,500,3,shrinkage,0.94576560788969,0.07689671137713287,0.8974443200000003,0.054217362383863064,0.00017174999811686575
numpy,1,haar,11,500,3,mle,0.9952951416453112,0.009042137199315448,0.9906720000000007,0.004685958204292051,0.0007631250191479921
numpy,1,haar,12,100,3,linear,1.0,0.05190544773319918,1.0634,-0.03075418038862386,0.00018787497538141906
numpy,1,haar,12,100,3,projected,0.9996219830614216,0.027496070212957975,1.0000000000000002,-2.0821764885325424e-17,0.00014362501678988338
numpy,1,haar,12,100,3,low_rank,0.9996219830614216,0.027496070212957975,1.0000000000000002,-2.0821764885325424e-17,0.000165749981533736
numpy,1,haar,12,100,3,shrinkage,0.977317621023027,0.0414579058075235,0.9563540000000005,0.02232123765023855,0.00020195802790112793
numpy,1,haar,12,100,3,mle,0.9996491478616435,0.026489701316266455,0.9999999999991134,4.432433467721988e-13,0.00482029200065881
numpy,1,haar,12,500,3,linear,1.0,0.01746497462831649,1.004808,-0.0023982484045898442,0.00012024998432025313
numpy,1,haar,12,500,3,projected,0.9998539395047251,0.017091547342135065,0.9999999999999999,-2.411139054387264e-17,0.00011733299470506608
numpy,1,haar,12,500,3,low_rank,0.9998539395047251,0.017091547342135065,0.9999999999999999,-2.411139054387264e-17,0.00011129098129458725
numpy,1,haar,12,500,3,shrinkage,0.9520263451492469,0.06958306406656034,0.908894479999999,0.047841576435869185,0.00017266700160689652
numpy,1,haar,12,500,3,mle,0.9998428201939342,0.01773051394027982,0.9999999999980691,9.654688473263587e-13,0.0027446660096757114
numpy,1,haar,13,100,3,linear,0.9987658961591706,0.07528750016874546,1.0031999999999999,-0.0015974481593779512,0.0001130840100813657
numpy,1,haar,13,100,3,projected,0.9971774692379529,0.07513367148990338,1.0000000000000007,5.677378426182956e-18,0.00011545798042789102
numpy,1,haar,13,100,3,low_rank,0.9971774692379529,0.07513367148990338,1.0000000000000007,5.677378426182956e-18,0.00011004201951436698
numpy,1,haar,13,100,3,shrinkage,0.9488893128531898,0.09906254041509761,0.9075920000000012,0.048562296656559686,0.0001728750066831708
numpy,1,haar,13,100,3,mle,0.9971929797277702,0.07492690132720548,0.9999999999980385,9.80981606895015e-13,0.0023306670191232115
numpy,1,haar,13,500,3,linear,0.9822276677400905,0.055431740644642784,0.9675279999999999,0.016508531616120457,0.00011374999303370714
numpy,1,haar,13,500,3,projected,0.9822276660153993,0.05543174064464277,0.9675280000000002,0.016508531616120484,0.00011479100794531405
numpy,1,haar,13,500,3,low_rank,0.9986930407236021,0.05112649560448694,1.0,1.0711004043971158e-18,0.00011041600373573601
numpy,1,haar,13,500,3,shrinkage,0.9340049061791367,0.10338225226703784,0.8786976800000001,0.06485767845450839,0.00017195800319314003
numpy,1,haar,13,500,3,mle,0.9822276677400905,0.055431740644642874,0.9675279999999999,0.016508531616120474,0.0008830830047372729
numpy,1,haar,14,100,3,linear,0.9812675130136803,0.14023185790910048,0.9821999999999999,0.008980652112363334,0.00013066700194031
numpy,1,haar,14,100,3,projected,0.9812675274348055,0.14023185790910067,0.9821999999999997,0.008980652112363341,0.00012808298924937844
numpy,1,haar,14,100,3,low_rank,0.9900698105811007,0.14092688963715386,1.0,2.8216939529470504e-17,0.00011937497765757143
numpy,1,haar,14,100,3,shrinkage,0.9331407749940427,0.15588610128993002,0.8905819999999994,0.058082586901127047,0.0001817920128814876
numpy,1,haar,14,100,3,mle,0.9812675324597357,0.14023185790910067,0.9821999999999991,0.008980652112363803,0.0007842909835744649
numpy,1,haar,14,500,3,linear,0.9840119131188182,0.023668601560248415,0.9685840000000001,0.015962811346070215,0.00011695799184963107
numpy,1,haar,14,500,3,projected,0.9840119131188182,0.023668601560248387,0.9685840000000001,0.015962811346070326,0.00011487500160001218
numpy,1,haar,14,500,3,low_rank,0.9999738933230362,0.0072282819197725424,1.0,7.407489906264178e-18,0.00011341701610945165
numpy,1,haar,14,500,3,shrinkage,0.9356107309351135,0.09127772143209957,0.8795530400000002,0.06436653021146316,0.00017566699534654617
numpy,1,haar,14,500,3,mle,0.9840119097863372,0.02366860156024848,0.9685839999999999,0.015962811346070232,0.0007679999980609864
numpy,1,haar,15,100,3,linear,1.0,0.05864060846768104,1.0686,-0.03319789947073121,0.00013229099567979574
numpy,1,haar,15,100,3,projected,0.9994211718087466,0.0340243498469282,0.9999999999999994,1.1463894673824713e-18,0.00011387502308934927
numpy,1,haar,15,100,3,low_rank,0.9994211718087466,0.0340243498469282,0.9999999999999994,1.1463894673824713e-18,0.00011058300151489675
numpy,1,haar,15,100,3,shrinkage,0.9793225755673434,0.04382748983587711,0.9605660000000003,0.020121890476341924,0.00017449998995289207
numpy,1,haar,15,100,3,mle,0.9997674886540086,0.021564384800232195,0.9999999999998292,8.522996480779046e-14,0.004329417017288506
numpy,1,haar,15,500,3,linear,0.9950887515220773,0.024789193768938206,0.990792,0.004625394272173079,0.0001134169870056212
numpy,1,haar,15,500,3,projected,0.9950887479361427,0.024789193768938244,0.9907919999999996,0.004625394272173076,0.00011374999303370714
numpy,1,haar,15,500,3,low_rank,0.9997114744806582,0.02402194384141548,0.9999999999999996,1.1258750274500694e-18,0.00011033299961127341
numpy,1,haar,15,500,3,shrinkage,0.9455798792724128,0.0798860044998035,0.8975415199999996,0.0541628548449558,0.00017412498709745705
numpy,1,haar,15,500,3,mle,0.9950887479361427,0.024789193768938286,0.9907919999999999,0.004625394272173196,0.0007589169836137444
numpy,1,haar,16,100,3,linear,0.9857973616326422,0.046960374090455906,0.9738,0.013276259054481782,0.00011379198986105621
numpy,1,haar,16,100,3,projected,0.9857973616326422,0.046960374090455864,0.9738,0.013276259054481699,0.00011533399811014533
numpy,1,haar,16,100,3,low_rank,0.9990483520373626,0.04362677990953177,1.0000000000000004,-9.336727745764561e-17,0.00015545901260338724
numpy,1,haar,16,100,3,shrinkage,0.9372176326291658,0.09665789704542502,0.8837780000000002,0.06194863314903355,0.00030191600671969354
numpy,1,haar,16,100,3,mle,0.9857973616326422,0.04696037409045587,0.9738,0.013276259054481553,0.0008789999992586672
numpy,1,haar,16,500,3,linear,0.992421528660464,0.020517108179581467,0.9852639999999999,0.007423102449982892,0.00012120799510739744
numpy,1,haar,16,500,3,projected,0.9924215241359732,0.020517108179581498,0.9852639999999997,0.007423102449982965,0.00011775002349168062
numpy,1,haar,16,500,3,low_rank,0.9998423017315673,0.017760342422923785,0.9999999999999996,2.709824321272213e-17,0.00011266701039858162
numpy,1,haar,16,500,3,shrinkage,0.9431793717223763,0.08188465396670716,0.8930638399999997,0.056680792204984544,0.0001752499956637621
numpy,1,haar,16,500,3,mle,0.9924215241359732,0.02051710817958165,0.9852639999999998,0.007423102449983059,0.0007610419997945428
numpy,1,haar,17,100,3,linear,1.0,0.10720166669334319,1.1076000000000001,-0.051180551180826754,0.0001177079975605011
numpy,1,haar,17,100,3,projected,0.997163679083883,0.07531694253110575,1.0000000000000004,2.081474029609832e-17,0.00011629099026322365
numpy,1,haar,17,100,3,low_rank,0.997163679083883,0.07531694253110575,1.0000000000000004,2.081474029609832e-17,0.00011095800437033176
numpy,1,haar,17,100,3,shrinkage,0.9932485156466713,0.07522617634605375,0.9921560000000007,0.0039375039372558235,0.00017404099344275892
numpy,1,haar,17,100,3,mle,0.9991884123319174,0.04028865021200673,0.9999999999997413,1.2927240202913916e-13,0.004341249994467944
numpy,1,haar,17,500,3,linear,1.0,0.029521301219470428,1.01156,-0.005746972309276364,0.00011333401198498905
numpy,1,haar,17,500,3,projected,0.999601850387474,0.02821877433644125,0.9999999999999999,-1.390594383083551e-17,0.00011345799430273473
numpy,1,haar,17,500,3,low_rank,0.999601850387474,0.02821877433644125,0.9999999999999999,-1.390594383083551e-17,0.00011037499643862247
numpy,1,haar,17,500,3,shrinkage,0.9548098279197457,0.0688763856711548,0.9143635999999996,0.04482772492165129,0.00017337501049041748
numpy,1,haar,17,500,3,mle,0.9996830924139852,0.02517568609479446,0.999999999998315,8.425742254831846e-13,0.003404708986636251
numpy,1,haar,18,100,3,linear,1.0,0.08674750661019913,1.0172,-0.00852728540364484,0.00012491698726080358
numpy,1,haar,18,100,3,projected,0.9963720232314976,0.08518188502847812,1.0,1.4349357069370372e-17,0.0001257499970961362
numpy,1,haar,18,100,3,low_rank,0.9963720232314976,0.08518188502847812,1.0,1.4349357069370372e-17,0.00011891699978150427
numpy,1,haar,18,100,3,shrinkage,0.9543536971151487,0.10111684781863932,0.9189319999999997,0.04232544313671952,0.0001803330087568611
numpy,1,haar,18,100,3,mle,0.9963304450818903,0.08566868404357153,0.999999999998165,9.176842743753242e-13,0.0024104999902192503
numpy,1,haar,18,500,3,linear,0.9791253735509734,0.058559823241310524,0.9616800000000001,0.019541885280308813,0.00011575000826269388
numpy,1,haar,18,500,3,projected,0.9791253735509736,0.058559823241310545,0.9616800000000003,0.019541885280308636,0.00011529200128279626
numpy,1,haar,18,500,3,low_rank,0.9986130516606057,0.052667795461635684,1.0000000000000002,2.8936598770452523e-17,0.00011070899199694395
numpy,1,haar,18,500,3,shrinkage,0.9312128468406948,0.10740171138416815,0.8739608000000003,0.06758769675227798,0.0001734999823383987
numpy,1,haar,18,500,3,mle,0.9791253735509736,0.05855982324131053,0.9616800000000003,0.019541885280308677,0.0007592499896418303
numpy,1,haar,19,100,3,linear,1.0,0.09031486270055639,1.0763999999999998,-0.03684262125878192,0.00011695901048369706
numpy,1,haar,19,100,3,projected,0.9974657298402352,0.07119368173882898,0.9999999999999998,-5.175494307837547e-18,0.00011587500921450555
numpy,1,haar,19,100,3,low_rank,0.9974657298402352,0.07119368173882898,0.9999999999999998,-5.175494307837547e-18,0.00011049999739043415
numpy,1,haar,19,100,3,shrinkage,0.9807094619005642,0.0739262942541985,0.9668839999999999,0.016841640867096073,0.00017404099344275892
numpy,1,haar,19,100,3,mle,0.9979557004623212,0.06394215412775242,0.9999999999991394,4.301920646196773e-13,0.004322791006416082
numpy,1,haar,19,500,3,linear,0.987423696210889,0.0189896703031437,0.9752080000000001,0.012553592689411709,0.00015524998889304698
numpy,1,haar,19,500,3,projected,0.9874237020052649,0.018989670303143743,0.9752080000000002,0.012553592689411683,0.00013129200669936836
numpy,1,haar,19,500,3,low_rank,0.9999767040033956,0.006825832785050886,1.0000000000000002,-8.08249094682761e-18,0.0001232920039910823
numpy,1,haar,19,500,3,shrinkage,0.9386813356037924,0.08692425910181743,0.8849184800000003,0.06129823342047042,0.00018145801732316613
numpy,1,haar,19,500,3,mle,0.9874237058077521,0.018989670303143587,0.9752080000000005,0.012553592689411478,0.0007681249990127981
numpy,1,haar,20,100,3,linear,0.977095873343752,0.03475993832700319,0.9554,0.022820788382393965,0.00012504198821261525
numpy,1,haar,20,100,3,projected,0.977095873343752,0.034759938327003206,0.9554,0.02282078838239393,0.0001332079991698265
numpy,1,haar,20,100,3,low_rank,0.9999126761268877,0.013215435907497927,0.9999999999999999,-3.4073459712068676e-19,0.00012354200589470565
numpy,1,haar,20,100,3,shrinkage,0.9293862860093767,0.10050586043235171,0.8688739999999999,0.0705387095441546,0.00022987500415183604
numpy,1,haar,20,100,3,mle,0.977095873343752,0.034759938327003206,0.9554,0.02282078838239393,0.000782916002208367
numpy,1,haar,20,500,3,linear,1.0,0.02423582793379046,1.034856,-0.017134411927885413,0.0001135829952545464
numpy,1,haar,20,500,3,projected,0.9999999036945707,0.00043887453758420606,1.0,2.397913088170158e-17,0.00011545800953172147
numpy,1,haar,20,500,3,low_rank,0.9999999036945707,0.00043887453758420606,1.0,2.397913088170158e-17,0.0001102499954868108
numpy,1,haar,20,500,3,shrinkage,0.9654208933249635,0.04890396527964436,0.9332333600000001,0.03457902926490293,0.0001784999913070351
numpy,1,haar,20,500,3,mle,0.9999856632792701,0.005359850902234754,0.9999999999987315,6.343272539904038e-13,0.00433712502126582
numpy,1,haar,21,100,3,linear,0.9461009385881658,0.08245072967335233,0.8990000000000001,0.05334577131745409,0.0001120000088121742
numpy,1,haar,21,100,3,projected,0.9461009385881658,0.08245072967335249,0.8989999999999999,0.05334577131745413,0.00011258397717028856
numpy,1,haar,21,100,3,low_rank,0.9993806468131232,0.035195790385600986,1.0,6.215423551669466e-17,0.00010920802014879882
numpy,1,haar,21,100,3,shrinkage,0.9014908447293489,0.1421559374113562,0.8231899999999996,0.09801119418570867,0.00017287497757934034
numpy,1,haar,21,100,3,mle,0.946100938588166,0.08245072967335246,0.8990000000000001,0.05334577131745417,0.0007525840192101896
numpy,1,haar,21,500,3,linear,1.0,0.033618844128474795,1.0115599999999998,-0.005746972309276244,0.00011237498256377876
numpy,1,haar,21,500,3,projected,0.99947396061798,0.03243576365740874,0.9999999999999997,1.1382215536040493e-16,0.00011383401579223573
numpy,1,haar,21,500,3,low_rank,0.99947396061798,0.03243576365740874,0.9999999999999997,1.1382215536040493e-16,0.00010962499072775245
numpy,1,haar,21,500,3,shrinkage,0.954693397993759,0.07054646704464546,0.9143635999999995,0.04482772492165137,0.0001712910016067326
numpy,1,haar,21,500,3,mle,0.9996657436895305,0.025855610983194905,0.9999999999983755,8.123036515050962e-13,0.003150291013298556
numpy,1,haar,22,100,3,linear,1.0,0.10020287630843369,1.1202,-0.05686623169303417,0.00012375001097097993
numpy,1,haar,22,100,3,projected,0.9983958985106312,0.05664100086277828,0.9999999999999997,-1.7568808502146892e-17,0.00012208300177007914
numpy,1,haar,22,100,3,low_rank,0.9983958985106312,0.05664100086277828,0.9999999999999997,-1.7568808502146892e-17,0.00011337501928210258
numpy,1,haar,22,100,3,shrinkage,0.9983959124035665,0.05664100086277814,1.0,-5.631956287616786e-17,0.00017749998369254172
numpy,1,haar,22,100,3,mle,0.9982073549438517,0.05987729212281999,0.9999999999996648,1.6774052416589768e-13,0.004727084015030414
numpy,1,haar,22,500,3,linear,1.0,0.04117212720161324,1.027816,-0.01371976796693348,0.00011449999874457717
numpy,1,haar,22,500,3,projected,0.9993582702316866,0.03582544319439729,1.0,1.9070750220642243e-16,0.00011574997915886343
numpy,1,haar,22,500,3,low_rank,0.9993582702316866,0.03582544319439729,1.0,1.9070750220642243e-16,0.00011374999303370714
numpy,1,haar,22,500,3,shrinkage,0.9617543851737623,0.06342073519343037,0.9275309599999999,0.0376522088297599,0.0001722919987514615
numpy,1,haar,22,500,3,mle,0.9990961419922649,0.0425172437256084,0.9999999999985525,7.236926113101626e-13,0.003514166979584843
numpy,1,haar,23,100,3,linear,1.0,0.12299018309724928,1.1082,-0.05145262715848942,0.00011366599937900901
numpy,1,haar,23,100,3,projected,0.9955427727096213,0.09441658459150319,1.0000000000000002,-3.9625818668429894e-17,0.00011237498256377876
numpy,1,haar,23,100,3,low_rank,0.9955427727096213,0.09441658459150319,1.0000000000000002,-3.9625818668429894e-17,0.00010850001126527786
numpy,1,haar,23,100,3,shrinkage,0.9918830366877673,0.09421213629074243,0.992642,0.003692635557359541,0.00017345798551104963
numpy,1,haar,23,100,3,mle,0.9966089290302781,0.0823537609283352,0.9999999999995981,2.0101962549011044e-13,0.004526916018221527
numpy,1,haar,23,500,3,linear,1.0,0.05963964378749771,1.0202640000000003,-0.010031371584140929,0.00011575000826269388
numpy,1,haar,23,500,3,projected,0.9983551917497089,0.05735530709921472,1.0000000000000002,-1.1758445828392922e-17,0.00011508300667628646
numpy,1,haar,23,500,3,low_rank,0.9983551917497089,0.05735530709921472,1.0000000000000002,-1.1758445828392922e-17,0.00011083399294875562
numpy,1,haar,23,500,3,shrinkage,0.9575182150129802,0.07985886550652738,0.9214138400000002,0.040971765574273074,0.00017462499090470374
numpy,1,haar,23,500,3,mle,0.9983349498762563,0.057707357215456764,0.9999999999984168,7.914720029111498e-13,0.00324662501225248
numpy,1,haar,24,100,3,linear,1.0,0.043109094933471474,1.0404000000000002,-0.019807656734681118,0.00012400001287460327
numpy,1,haar,24,100,3,projected,0.9994836269543107,0.032137098693668244,1.0,2.0890175170220072e-17,0.00011245798668824136
numpy,1,haar,24,100,3,low_rank,0.9994836269543107,0.032137098693668244,1.0,2.0890175170220072e-17,0.00010879200999625027
numpy,1,haar,24,100,3,shrinkage,0.9673437235149813,0.05510494224100729,0.9377240000000001,0.03217310893878692,0.00017187499906867743
numpy,1,haar,24,100,3,mle,0.9992909807318255,0.037656852433482706,0.9999999999988486,5.756578981082747e-13,0.004278999986127019
numpy,1,haar,24,500,3,linear,1.0,0.056952560237995616,1.0036960000000001,-0.0018445974602099454,0.00011770802666433156
numpy,1,haar,24,500,3,projected,0.9983875672508911,0.056788130658569747,1.0000000000000002,-1.6339615023327273e-17,0.00012020798749290407
numpy,1,haar,24,500,3,low_rank,0.9983875672508911,0.056788130658569747,1.0000000000000002,-1.6339615023327273e-17,0.0001094590115826577
numpy,1,haar,24,500,3,shrinkage,0.950203582647052,0.08710106030293914,0.9079937600000006,0.048339862285811004,0.00017291700351051986
numpy,1,haar,24,500,3,mle,0.9984077323788892,0.056431782373208894,0.9999999999980558,9.721453892217526e-13,0.002812166989315301
numpy,1,haar,25,100,3,linear,1.0,0.11829612755611695,1.0313999999999999,-0.015460958754394918,0.00011620900477282703
numpy,1,haar,25,100,3,projected,0.9934447810998358,0.114501047239244,0.9999999999999996,-5.567519417471105e-17,0.00011624998296611011
numpy,1,haar,25,100,3,low_rank,0.9934447810998358,0.114501047239244,0.9999999999999996,-5.567519417471105e-17,0.0001099579967558384
numpy,1,haar,25,100,3,shrinkage,0.9578327117923525,0.12152603184213567,0.9304339999999999,0.03608513712104449,0.0001764170010574162
numpy,1,haar,25,100,3,mle,0.9934285807116003,0.11464221986407143,0.9999999999985616,7.191558714294327e-13,0.003502208011923358
numpy,1,haar,25,500,3,linear,1.0,0.04484194164668199,1.0161280000000001,-0.008000000000000057,0.00011133300722576678
numpy,1,haar,25,500,3,projected,0.9990734253294079,0.043048221115226847,1.0000000000000002,1.992003327260435e-16,0.00011195798288099468
numpy,1,haar,25,500,3,low_rank,0.9990734253294079,0.043048221115226847,1.0000000000000002,1.992003327260435e-16,0.00012345900177024305
numpy,1,haar,25,500,3,shrinkage,0.9563527665621456,0.07319972511956574,0.9180636799999999,0.04279999999999991,0.00017404198297299445
numpy,1,haar,25,500,3,mle,0.9989741750251503,0.0452951426537705,0.9999999999983247,8.377762209385738e-13,0.003499834012473002
numpy,1,haar,26,100,3,linear,1.0,0.182299524203025,1.1282,-0.06044625076808214,0.00011225001071579754
numpy,1,haar,26,100,3,projected,0.9884352790186017,0.15208366763987408,0.9999999999999999,-3.472917749214014e-17,0.0001126249844674021
numpy,1,haar,26,100,3,low_rank,0.9884352790186017,0.15208366763987408,0.9999999999999999,-3.472917749214014e-17,0.00010904102236963809
numpy,1,haar,26,100,3,shrinkage,0.9884352790186017,0.15208366763987397,0.9999999999999998,6.904185931303228e-18,0.00017362498329021037
numpy,1,haar,26,100,3,mle,0.992350864684487,0.12368617801096285,0.9999999999999339,3.2958533218359625e-14,0.004912584001431242
numpy,1,haar,26,500,3,linear,0.9805845803154977,0.0414591070946132,0.962888,0.018913729150373752,0.00011741599882952869
numpy,1,haar,26,500,3,projected,0.9805845803154977,0.0414591070946132,0.962888,0.018913729150373773,0.00011824999819509685
numpy,1,haar,26,500,3,low_rank,0.9994785762340697,0.03229314992162741,1.0000000000000002,4.722994396003036e-18,0.00011408299906179309
numpy,1,haar,26,500,3,shrinkage,0.9325261170462907,0.09943365529323747,0.87493928,0.06702235623533644,0.00017387501429766417
numpy,1,haar,26,500,3,mle,0.9805845802495865,0.0414591070946131,0.9628880000000002,0.018913729150373697,0.0007618329836986959
numpy,1,haar,27,100,3,linear,0.9767619320029278,0.058958920483095326,0.9570000000000001,0.021983263891315313,0.00011345802340656519
numpy,1,haar,27,100,3,projected,0.9767619228477341,0.0589589204830954,0.9570000000000005,0.021983263891315146,0.0001134169870056212
numpy,1,haar,27,100,3,low_rank,0.9986874878963905,0.05123514843467268,1.0000000000000004,1.9530853844959194e-18,0.00010891599231399596
numpy,1,haar,27,100,3,shrinkage,0.9290857515740145,0.10953784220112578,0.8701700000000004,0.06978493750218383,0.00017345801461488008
numpy,1,haar,27,100,3,mle,0.9767619367603805,0.05895892048309543,0.9570000000000001,0.021983263891315243,0.0007526660047005862
numpy,1,haar,27,500,3,linear,1.0,0.07748469754909765,1.036872,-0.018108096829223534,0.00011225001071579754
numpy,1,haar,27,500,3,projected,0.9974194358166657,0.07184117647207092,1.0,1.1127650024385361e-16,0.0001125419803429395
numpy,1,haar,27,500,3,low_rank,0.9974194358166657,0.07184117647207092,1.0,1.1127650024385361e-16,0.00010862501221708953
numpy,1,haar,27,500,3,shrinkage,0.9638906547405761,0.08417250452996872,0.9348663200000004,0.03370271285369904,0.0001727920025587082
numpy,1,haar,27,500,3,mle,0.997500357352653,0.07070562419952399,0.9999999999987509,6.245366886428373e-13,0.0039022910059429705
numpy,1,haar,28,100,3,linear,0.996481566611942,0.08506977592609231,1.0002,-9.999000199952043e-05,0.00012862501898780465
numpy,1,haar,28,100,3,projected,0.9963823000775878,0.08506115355921673,1.0000000000000004,3.2212957929120458e-18,0.00012325000716373324
numpy,1,haar,28,100,3,low_rank,0.9963823000775878,0.08506115355921673,1.0000000000000004,3.2212957929120458e-18,0.00010920799104496837
numpy,1,haar,28,100,3,shrinkage,0.9468334099507477,0.10721557768581942,0.9051620000000002,0.04991000899820045,0.0001727909839246422
numpy,1,haar,28,100,3,mle,0.9965882119204387,0.0826049402821293,0.999999999999892,5.403193097821335e-14,0.003656666027382016
numpy,1,haar,28,500,3,linear,1.0,0.02386672067686299,1.006856,-0.0034163286982256437,0.00011600001016631722
numpy,1,haar,28,500,3,projected,0.9997287147231937,0.023293143918598085,1.0000000000000002,1.2960749220860993e-16,0.00011812499724328518
numpy,1,haar,28,500,3,low_rank,0.9997287147231937,0.023293143918598085,1.0000000000000002,1.2960749220860993e-16,0.00011162500595673919
numpy,1,haar,28,500,3,shrinkage,0.9528288708398596,0.06996869528782595,0.9105533600000003,0.04692530417159708,0.00017324998043477535
numpy,1,haar,28,500,3,mle,0.999558125632917,0.029727911701467595,0.9999999999999645,1.7866746978618202e-14,0.004696334013715386
numpy,1,haar,29,100,3,linear,0.9456522747726926,0.08059452855164698,0.8978,0.054017937580444826,0.00011304201325401664
numpy,1,haar,29,100,3,projected,0.9456522763590535,0.08059452855164688,0.8978000000000003,0.05401793758044482,0.00011104097939096391
numpy,1,haar,29,100,3,low_rank,0.999630262125244,0.027193654484968424,1.0000000000000004,1.033758147084019e-18,0.00010883298818953335
numpy,1,haar,29,100,3,shrinkage,0.9010870348853927,0.1415765878569476,0.8222180000000002,0.09861614382240035,0.00017362498329021037
numpy,1,haar,29,100,3,mle,0.9456522763590535,0.08059452855164678,0.8978000000000003,0.0540179375804447,0.0007497079786844552
numpy,1,haar,29,500,3,linear,1.0,0.04647020000752017,1.004872,-0.002430094640040454,0.00011262501357123256
numpy,1,haar,29,500,3,projected,0.9989313648690975,0.046230738451285745,1.0,-1.982944565292293e-17,0.00011133300722576678
numpy,1,haar,29,500,3,low_rank,0.9989313648690975,0.046230738451285745,1.0,-1.982944565292293e-17,0.00010904201189987361
numpy,1,haar,29,500,3,shrinkage,0.9512206571870527,0.08065389971889149,0.9089463200000003,0.04781291482396327,0.0001712910016067326
numpy,1,haar,29,500,3,mle,0.9989404480104274,0.0460337265185603,0.9999999999980388,9.806288654136916e-13,0.0015394169895444065
numpy,1,mixed,0,100,3,linear,0.9935479384731243,0.0740223898154999,0.9444000000000001,0.028619050024292922,0.00011545798042789102
numpy,1,mixed,0,100,3,projected,0.9935479384731258,0.07402238981549979,0.9443999999999999,0.028619050024292995,0.00011420800001360476
numpy,1,mixed,0,100,3,low_rank,0.9429856378310937,0.10182338472802879,1.0,-7.190799715416033e-17,0.00011316599557176232
numpy,1,mixed,0,100,3,shrinkage,0.9963503140404245,0.06759667527744237,0.8599640000000005,0.07575714502186359,0.0001803330087568611
numpy,1,mixed,0,100,3,mle,0.9935479384731276,0.07402238981549997,0.9444000000000001,0.028619050024292866,0.0008413750038016587
numpy,1,mixed,0,500,3,linear,0.9871457090504191,0.08944457290503119,0.9643200000000001,0.018170154515102652,0.00012812501518055797
numpy,1,mixed,0,500,3,projected,0.9871457090504212,0.0894445729050308,0.9643199999999996,0.01817015451510282,0.0001321669842582196
numpy,1,mixed,0,500,3,low_rank,0.9424066678867767,0.10735893798890477,0.9999999999999996,-6.616494642293029e-17,0.00011912500485777855
numpy,1,mixed,0,500,3,shrinkage,0.9970263383592436,0.07103116354047062,0.8760992,0.06635313906359233,0.00019020898616872728
numpy,1,mixed,0,500,3,mle,0.9871457090504219,0.08944457290503081,0.9643199999999998,0.018170154515102843,0.001130707998527214
numpy,1,mixed,1,100,3,linear,0.9986603728877336,0.04327167847721613,0.7098000000000001,0.17611730518596724,0.00012258300557732582
numpy,1,mixed,1,100,3,projected,0.9986603728877336,0.043271678477216385,0.7098000000000004,0.17611730518596727,0.00012650000280700624
numpy,1,mixed,1,100,3,low_rank,0.8454367055586498,0.22073266948280407,1.0000000000000004,9.880420897515646e-18,0.0001212499919347465
numpy,1,mixed,1,100,3,shrinkage,0.99455695834694,0.08223640672988072,0.6699380000000003,0.20850557466737038,0.00017675000708550215
numpy,1,mixed,1,100,3,mle,0.9986603728877336,0.0432716784772167,0.7098,0.17611730518596716,0.0007627079903613776
numpy,1,mixed,1,500,3,linear,0.999779691798422,0.017664932232565243,0.7510399999999999,0.1457119815743132,0.00011412499588914216
numpy,1,mixed,1,500,3,projected,0.999779691798422,0.0176649322325652,0.7510399999999999,0.14571198157431303,0.00011237501166760921
numpy,1,mixed,1,500,3,low_rank,0.8459927239865723,0.21819927123752705,1.0000000000000004,3.4987197086340005e-17,0.00010958299390040338
numpy,1,mixed,1,500,3,shrinkage,0.9985860781277958,0.04058173354026883,0.7033423999999999,0.1811407834168816,0.00017420799122191966
numpy,1,mixed,1,500,3,mle,0.999779691798422,0.017664932232565187,0.7510399999999999,0.14571198157431298,0.0007555000192951411
numpy,1,mixed,2,100,3,linear,0.9958887088436905,0.08453601913087029,0.5866,0.29191347953315183,0.00011341701610945165
numpy,1,mixed,2,100,3,projected,0.9958887088436901,0.08453601913087036,0.5865999999999995,0.29191347953315183,0.00011449999874457717
numpy,1,mixed,2,100,3,low_rank,0.7488912258275225,0.360454614800418,0.999999999999999,-1.494664720722801e-16,0.00011049999739043415
numpy,1,mixed,2,100,3,shrinkage,0.9932615804681302,0.10681152455617096,0.5701459999999999,0.31272213157983664,0.00017145799938589334
numpy,1,mixed,2,100,3,mle,0.995888708843691,0.08453601913087037,0.5866,0.29191347953315183,0.000752124993596226
numpy,1,mixed,2,500,3,linear,0.997398995277467,0.06657670285854646,0.593088,0.2842594150374112,0.00011229200754314661
numpy,1,mixed,2,500,3,projected,0.9973989952774674,0.06657670285854642,0.593088,0.2842594150374111,0.00011433399049565196
numpy,1,mixed,2,500,3,low_rank,0.7507241738638066,0.3553331358004543,0.9999999999999996,-5.816307880793379e-17,0.00010870900587178767
numpy,1,mixed,2,500,3,shrinkage,0.9949495283675535,0.09155484000167234,0.5754012799999999,0.30583347353367,0.000174834014615044
numpy,1,mixed,2,500,3,mle,0.9973989952774674,0.06657670285854639,0.5930880000000001,0.28425941503741115,0.0007832080009393394
numpy,1,mixed,3,100,3,linear,0.9900727172164462,0.09240499559064531,0.7992000000000001,0.11321840788372575,0.00011274998541921377
numpy,1,mixed,3,100,3,projected,0.990072717216446,0.09240499559064536,0.7992000000000001,0.11321840788372581,0.00011412499588914216
numpy,1,mixed,3,100,3,low_rank,0.9355696201567302,0.10991218105128596,1.0000000000000004,-2.262524306198112e-17,0.00010900001507252455
numpy,1,mixed,3,100,3,shrinkage,0.9767059271702792,0.13812605718975535,0.7423520000000002,0.15189656709535324,0.00017108299653045833
numpy,1,mixed,3,100,3,mle,0.9900727172164464,0.09240499559064529,0.7992000000000001,0.11321840788372575,0.005006374994991347
numpy,1,mixed,3,500,3,linear,0.9997272845830144,0.022511093910229665,0.887432,0.059868201557760715,0.00012041599256917834
numpy,1,mixed,3,500,3,projected,0.9997272845830129,0.02251109391022964,0.8874319999999998,0.05986820155776075,0.00012520799646154046
numpy,1,mixed,3,500,3,low_rank,0.9374514554482714,0.09119771033754429,1.0,-1.633644414800473e-17,0.0001120000088121742
numpy,1,mixed,3,500,3,shrinkage,0.9940174350066593,0.06252349318314487,0.8138199199999998,0.1038813814019846,0.00018316699424758554
numpy,1,mixed,3,500,3,mle,0.9997272845830126,0.022511093910229662,0.8874319999999996,0.059868201557760896,0.0007621249824296683
numpy,1,mixed,4,100,3,linear,0.9874869531528173,0.11029621763150123,0.8170000000000002,0.1018794152521124,0.00011483399430289865
numpy,1,mixed,4,100,3,projected,0.9874869531528166,0.11029621763150148,0.8170000000000008,0.10187941525211211,0.00011512500350363553
numpy,1,mixed,4,100,3,low_rank,0.8214776408473449,0.2532931969676034,1.0000000000000007,6.736488151282561e-17,0.00011116600944660604
numpy,1,mixed,4,100,3,shrinkage,0.9972826593099283,0.055946407372272564,0.7567700000000006,0.14169147372690108,0.00017499999376013875
numpy,1,mixed,4,100,3,mle,0.9874869531528175,0.11029621763150127,0.8170000000000004,0.10187941525211229,0.0007667500176467001
numpy,1,mixed,4,500,3,linear,0.9966714489004066,0.07810689192323202,0.7320879999999998,0.15934768458147833,0.00011591700604185462
numpy,1,mixed,4,500,3,projected,0.9966714489004055,0.07810689192323195,0.7320879999999994,0.1593476845814783,0.00011575000826269388
numpy,1,mixed,4,500,3,low_rank,0.8178460839656209,0.26724620938950533,0.999999999999999,-1.0360875501159472e-17,0.00011095800437033176
numpy,1,mixed,4,500,3,shrinkage,0.99719186577587,0.07289697075837251,0.6879912799999998,0.19341291612333064,0.00017220800509676337
numpy,1,mixed,4,500,3,mle,0.9966714489004068,0.07810689192323202,0.7320879999999998,0.15934768458147833,0.004664458014303818
numpy,1,mixed,5,100,3,linear,0.9922489709737897,0.12331144364543187,0.6584000000000001,0.21857505441059433,0.00012462498852983117
numpy,1,mixed,5,100,3,projected,0.9922489709737897,0.12331144364543167,0.6583999999999997,0.2185750544105944,0.00013462500646710396
numpy,1,mixed,5,100,3,low_rank,0.7497780907234189,0.37205466406448695,0.9999999999999997,-1.5266351102541846e-17,0.0001167499867733568
numpy,1,mixed,5,100,3,shrinkage,0.9933544787963777,0.1150096794640607,0.6283039999999996,0.24671754896953496,0.0001837919990066439
numpy,1,mixed,5,100,3,mle,0.9922489709737902,0.12331144364543153,0.6583999999999997,0.21857505441059447,0.0009842909930739552
numpy,1,mixed,5,500,3,linear,0.9986524610926815,0.04652587542109065,0.6097360000000001,0.2657608060123155,0.00011262501357123256
numpy,1,mixed,5,500,3,projected,0.9986524610926808,0.046525875421090414,0.6097359999999998,0.26576080601231544,0.00011283298954367638
numpy,1,mixed,5,500,3,low_rank,0.7620742163448608,0.3373906558612237,0.9999999999999998,3.658311152232229e-17,0.00011020898818969727
numpy,1,mixed,5,500,3,shrinkage,0.996284804120926,0.07661616556071235,0.5888861600000003,0.2891847254110842,0.0001770830131135881
numpy,1,mixed,5,500,3,mle,0.9986524610926812,0.04652587542109032,0.6097360000000002,0.26576080601231555,0.0007612910121679306
numpy,1,mixed,6,100,3,linear,0.9957143295267951,0.07403521870608296,0.8260000000000001,0.09626741523627301,0.00011266701039858162
numpy,1,mixed,6,100,3,projected,0.9957143295267951,0.07403521870608296,0.8260000000000001,0.09626741523627301,0.00011412499588914216
numpy,1,mixed,6,100,3,low_rank,0.9271420225170387,0.12248175632568625,0.9999999999999998,-2.7109331272336447e-17,0.00011004199041053653
numpy,1,mixed,6,100,3,shrinkage,0.9860272872380749,0.11190028772992754,0.7640600000000001,0.13664067371264557,0.00018695800099521875
numpy,1,mixed,6,100,3,mle,0.9957143295267951,0.07403521870608296,0.8260000000000003,0.09626741523627307,0.0007551250164397061
numpy,1,mixed,6,500,3,linear,0.9999048998701849,0.009438180615944633,0.8764559999999999,0.06614749049936337,0.0001128750154748559
numpy,1,mixed,6,500,3,projected,0.9999048998701849,0.00943818061594471,0.8764560000000002,0.06614749049936336,0.00011449999874457717
numpy,1,mixed,6,500,3,low_rank,0.9296694897425835,0.09973387486888226,0.9999999999999998,-4.4140121682525714e-17,0.000110417022369802
numpy,1,mixed,6,500,3,shrinkage,0.9952262266615326,0.055925964221228086,0.8049293600000001,0.1095327414494272,0.00017337498138658702
numpy,1,mixed,6,500,3,mle,0.9999048998701849,0.009438180615944706,0.8764560000000002,0.06614749049936336,0.0007559589867014438
numpy,1,mixed,7,100,3,linear,0.9986175712894461,0.0525444103310849,0.6228,0.2522097661327227,0.00011304198415018618
numpy,1,mixed,7,100,3,projected,0.9986175712894461,0.05254441033108485,0.6227999999999998,0.2522097661327227,0.00011537500540725887
numpy,1,mixed,7,100,3,low_rank,0.7474613818206215,0.36098783533636264,0.9999999999999998,-5.40901455167764e-17,0.00011079199612140656
numpy,1,mixed,7,100,3,shrinkage,0.997807690232125,0.06289928005655286,0.5994679999999999,0.2769887895194502,0.00017404198297299445
numpy,1,mixed,7,100,3,mle,0.9986175712894465,0.052544410331084895,0.6227999999999999,0.2522097661327227,0.0007742500165477395
numpy,1,mixed,7,500,3,linear,0.9998771228657357,0.014725957779796824,0.618624,0.25645944896177963,0.00011300001642666757
numpy,1,mixed,7,500,3,projected,0.9998771228657355,0.014725957779796699,0.618624,0.2564594489617795,0.00011441699462011456
numpy,1,mixed,7,500,3,low_rank,0.7501042499850207,0.3535908142041358,0.9999999999999999,-1.3828576480174456e-16,0.00010979198850691319
numpy,1,mixed,7,500,3,shrinkage,0.9987058524322947,0.04519407405373517,0.59608544,0.2808135040656014,0.00017225000192411244
numpy,1,mixed,7,500,3,mle,0.9998771228657355,0.01472595777979667,0.6186240000000003,0.2564594489617795,0.0007558749930467457
numpy,1,mixed,8,100,3,linear,0.9872058749631392,0.12855494706974097,0.7627999999999999,0.13750862079216286,0.00012766700820066035
numpy,1,mixed,8,100,3,projected,0.9872058749631394,0.1285549470697409,0.7628000000000001,0.1375086207921629,0.00012966699432581663
numpy,1,mixed,8,100,3,low_rank,0.9087936202473788,0.16992876972630372,1.0000000000000004,-4.216778926379231e-19,0.00011541700223460793
numpy,1,mixed,8,100,3,shrinkage,0.9766966767393691,0.16083544292859916,0.7128680000000002,0.17375775871294655,0.00018254099995829165
numpy,1,mixed,8,100,3,mle,0.9872058749631392,0.12855494706974085,0.7628000000000001,0.13750862079216278,0.0007749589858576655
numpy,1,mixed,8,500,3,linear,0.9982551006893289,0.0516951353203383,0.8232400000000001,0.0979800999950376,0.00011466699652373791
numpy,1,mixed,8,500,3,projected,0.9982551006893287,0.0516951353203383,0.8232399999999999,0.09798009999503761,0.0001120830129366368
numpy,1,mixed,8,500,3,low_rank,0.9147995162997095,0.12986144414734138,1.0,4.768290727703849e-19,0.00010974999167956412
numpy,1,mixed,8,500,3,shrinkage,0.9913933899070865,0.08921799729737546,0.7618244000000001,0.13818208999553372,0.00017687500803731382
numpy,1,mixed,8,500,3,mle,0.9982551006893287,0.05169513532033831,0.8232399999999999,0.0979800999950377,0.0011669169762171805
numpy,1,mixed,9,100,3,linear,0.9943722500749287,0.08335049579510419,0.9714,0.01451055624246581,0.00012941702152602375
numpy,1,mixed,9,100,3,projected,0.9943722500749153,0.08335049579510413,0.9714000000000002,0.014510556242465798,0.00011320799239911139
numpy,1,mixed,9,100,3,low_rank,0.9911254611194484,0.08391240114601517,1.0000000000000004,-5.868457627448908e-18,0.00010983299580402672
numpy,1,mixed,9,100,3,shrinkage,0.9647562301341545,0.11294155355439925,0.8818340000000003,0.06305950061821909,0.00017174999811686575
numpy,1,mixed,9,100,3,mle,0.994372250074942,0.08335049579510406,0.9714,0.014510556242465658,0.0007556250202469528
numpy,1,mixed,9,500,3,linear,1.0,0.061290715425524,1.0581919999999998,-0.02829537192748526,0.00011154200183227658
numpy,1,mixed,9,500,3,projected,0.9939129452827953,0.038292966832672186,0.9999999999999998,1.0200394807992509e-16,0.00011208298383280635
numpy,1,mixed,9,500,3,low_rank,0.9939129452827953,0.038292966832672186,0.9999999999999998,1.0200394807992509e-16,0.00011108297621831298
numpy,1,mixed,9,500,3,shrinkage,0.9923164193752201,0.045528414232826865,0.9521355199999996,0.024534165265263242,0.00017262500477954745
numpy,1,mixed,9,500,3,mle,0.9936829852479797,0.043891246620989,0.9999999999989364,5.317378295265937e-13,0.004326249996665865
numpy,1,mixed,10,100,3,linear,0.9808528742368045,0.11193645325738594,0.8153999999999999,0.10288540696670448,0.00011262501357123256
numpy,1,mixed,10,100,3,projected,0.9808528742368049,0.11193645325738588,0.8154000000000002,0.10288540696670462,0.00011549997725524008
numpy,1,mixed,10,100,3,low_rank,0.9598389775109375,0.08880818179810279,1.0000000000000002,3.799790697692043e-17,0.00015554201672784984
numpy,1,mixed,10,100,3,shrinkage,0.961783278905303,0.16014766630863922,0.7554740000000001,0.1425968662700338,0.0002905000001192093
numpy,1,mixed,10,100,3,mle,0.9808528742368051,0.11193645325738585,0.8154,0.10288540696670447,0.0008240829920396209
numpy,1,mixed,10,500,3,linear,0.9984017434575165,0.02155092409752279,0.9529679999999998,0.024096648467359517,0.00011629200889728963
numpy,1,mixed,10,500,3,projected,0.9984017434575203,0.02155092409752291,0.9529680000000001,0.02409664846735951,0.00011541700223460793
numpy,1,mixed,10,500,3,low_rank,0.9623146678562087,0.05418032022076954,1.0000000000000002,1.412180112267364e-17,0.00011245801579207182
numpy,1,mixed,10,500,3,shrinkage,0.994218481696761,0.04906486023169839,0.8669040800000003,0.07168698362062366,0.00017625000327825546
numpy,1,mixed,10,500,3,mle,0.9984017434575219,0.021550924097522815,0.9529679999999998,0.024096648467359517,0.0007606669969391078
numpy,1,mixed,11,100,3,linear,0.9860824122996875,0.0943384399302427,0.9332,0.03459694887119614,0.00011366698890924454
numpy,1,mixed,11,100,3,projected,0.9860824122996873,0.09433843993024271,0.9332,0.03459694887119613,0.00011245900532230735
numpy,1,mixed,11,100,3,low_rank,0.9122417904721661,0.1365668715730434,1.0000000000000002,-8.404657701411165e-18,0.0001102499954868108
numpy,1,mixed,11,100,3,shrinkage,0.9982832298497943,0.05775096298624395,0.8508920000000002,0.0811372539840766,0.00017250000382773578
numpy,1,mixed,11,100,3,mle,0.9860824122996871,0.09433843993024263,0.9331999999999998,0.03459694887119613,0.0007573330076411366
numpy,1,mixed,11,500,3,linear,0.9981573160124071,0.032883682107713044,0.8809520000000001,0.06356443774596003,0.00011187500786036253
numpy,1,mixed,11,500,3,projected,0.9981573160124066,0.03288368210771278,0.8809519999999993,0.06356443774596007,0.0001117910142056644
numpy,1,mixed,11,500,3,low_rank,0.914153201536607,0.12176894806708423,0.9999999999999997,-1.2666757665708887e-18,0.0001092919846996665
numpy,1,mixed,11,500,3,shrinkage,0.9986399525655508,0.03163746981474205,0.8085711200000005,0.10720799397136402,0.00017216699779964983
numpy,1,mixed,11,500,3,mle,0.9981573160124066,0.032883682107712774,0.8809519999999995,0.0635644377459602,0.0007647500024177134
numpy,1,mixed,12,100,3,linear,0.9887285603822046,0.10018035463786817,0.9758000000000001,0.012250064069712109,0.00011295799049548805
numpy,1,mixed,12,100,3,projected,0.9887285603822052,0.10018035463786813,0.9758000000000004,0.012250064069711998,0.0001120830129366368
numpy,1,mixed,12,100,3,low_rank,0.9583612288123003,0.10851859644908127,1.0000000000000004,1.9078157182748314e-17,0.00010904201189987361
numpy,1,mixed,12,100,3,shrinkage,0.9929399367920256,0.0951859624620142,0.8853979999999998,0.061025057662740884,0.00017283300985582173
numpy,1,mixed,12,100,3,mle,0.988728560382211,0.1001803546378683,0.9758000000000006,0.012250064069711833,0.0009597910102456808
numpy,1,mixed,12,500,3,linear,0.9992804599816852,0.03672694299569512,0.933488,0.03444226995999732,0.00011229200754314661
numpy,1,mixed,12,500,3,projected,0.9992804599816846,0.036726942995695164,0.9334880000000001,0.03444226995999732,0.00011274998541921377
numpy,1,mixed,12,500,3,low_rank,0.9621542182234418,0.06473258030540667,1.0000000000000002,-1.6984850741446694e-17,0.00010887501412071288
numpy,1,mixed,12,500,3,shrinkage,0.9904603424342192,0.07106290064172678,0.8511252799999998,0.0809980429639976,0.00017250000382773578
numpy,1,mixed,12,500,3,mle,0.9992804599816826,0.036726942995695046,0.9334880000000004,0.03444226995999711,0.0007533330062869936
numpy,1,mixed,13,100,3,linear,0.9969135678347738,0.07795521242539938,0.6681999999999999,0.21000000000000013,0.00011558400001376867
numpy,1,mixed,13,100,3,projected,0.996913567834774,0.07795521242539942,0.6682000000000003,0.2100000000000001,0.00011645900667645037
numpy,1,mixed,13,100,3,low_rank,0.7749554836754164,0.3269777025274972,1.0000000000000004,-5.041217806524755e-18,0.0001110419980250299
numpy,1,mixed,13,100,3,shrinkage,0.9968432146516886,0.07754901672430754,0.6362420000000002,0.23900000000000005,0.00022829198860563338
numpy,1,mixed,13,100,3,mle,0.9969135678347738,0.07795521242539948,0.6682000000000001,0.20999999999999994,0.001151458011008799
numpy,1,mixed,13,500,3,linear,0.9988771819073505,0.04738482547585091,0.656168,0.22056485546731958,0.00012033397797495127
numpy,1,mixed,13,500,3,projected,0.9988771819073503,0.04738482547585093,0.6561679999999995,0.22056485546731952,0.0001161250111181289
numpy,1,mixed,13,500,3,low_rank,0.7780144654693515,0.31748456017258103,0.9999999999999996,-1.707034523598041e-18,0.00011241700849495828
numpy,1,mixed,13,500,3,shrinkage,0.9978548752918731,0.060400379815741534,0.6264960800000005,0.24850836992058734,0.00017583300359547138
numpy,1,mixed,13,500,3,mle,0.9988771819073508,0.04738482547585089,0.656168,0.22056485546731963,0.0007570000016130507
numpy,1,mixed,14,100,3,linear,0.997630676947042,0.05860470123747466,0.9828000000000001,0.00867526013847018,0.00011300001642666757
numpy,1,mixed,14,100,3,projected,0.9976306769470371,0.05860470123747461,0.9827999999999997,0.00867526013847023,0.00011500000255182385
numpy,1,mixed,14,100,3,low_rank,0.984093805611235,0.061935064597817606,1.0,4.8536785511319025e-17,0.00011054199421778321
numpy,1,mixed,14,100,3,shrinkage,0.9833295044568935,0.08271285420864731,0.8910679999999999,0.05780773412462295,0.0001722919987514615
numpy,1,mixed,14,100,3,mle,0.9976306769470371,0.058604701237474695,0.9827999999999999,0.00867526013847034,0.0009664999961387366
numpy,1,mixed,14,500,3,linear,0.9987844065945879,0.04870019032875281,0.9745440000000001,0.012894261992326832,0.00011329201515763998
numpy,1,mixed,14,500,3,projected,0.9987844065945883,0.04870019032875274,0.9745440000000003,0.012894261992326897,0.00011283298954367638
numpy,1,mixed,14,500,3,low_rank,0.984594937310867,0.05323282219735915,1.0000000000000004,1.0276892450345923e-16,0.00011166700278408825
numpy,1,mixed,14,500,3,shrinkage,0.9817618341596127,0.08141212458333043,0.8843806399999999,0.06160483579309418,0.00017174999811686575
numpy,1,mixed,14,500,3,mle,0.9987844065945879,0.04870019032875252,0.9745439999999999,0.012894261992326687,0.0009540409955661744
numpy,1,mixed,15,100,3,linear,0.9978876987380105,0.06455906140125066,0.5374,0.3632520566882266,0.0001117499778047204
numpy,1,mixed,15,100,3,projected,0.9978876987380101,0.06455906140125073,0.5373999999999995,0.36325205668822647,0.00011133300722576678
numpy,1,mixed,15,100,3,low_rank,0.647755524869422,0.5020735956609602,0.9999999999999993,2.2708205075585182e-17,0.00010924998787231743
numpy,1,mixed,15,100,3,shrinkage,0.9973469096773712,0.0717215271267815,0.5302939999999995,0.3769268510194037,0.0001720000000204891
numpy,1,mixed,15,100,3,mle,0.9978876987380105,0.06455906140125073,0.5374,0.36325205668822663,0.0007690420025028288
numpy,1,mixed,15,500,3,linear,0.9983499528923202,0.05579971702690626,0.529032,0.3795176361453677,0.0001155420031864196
numpy,1,mixed,15,500,3,projected,0.9983499528923202,0.05579971702690622,0.5290320000000002,0.37951763614536776,0.00011420800001360476
numpy,1,mixed,15,500,3,low_rank,0.652527143485551,0.4924780931696175,1.0,-8.820692451041949e-17,0.00011074999929405749
numpy,1,mixed,15,500,3,shrinkage,0.9973698764671454,0.07034386869900443,0.5235159200000001,0.39156587253083114,0.0001757080026436597
numpy,1,mixed,15,500,3,mle,0.9983499528923202,0.0557997170269062,0.5290320000000002,0.3795176361453677,0.0007734170067124069
numpy,1,mixed,16,100,3,linear,0.9823486191018416,0.1528884201884535,0.8899999999999999,0.058411956683607706,0.00012954100384376943
numpy,1,mixed,16,100,3,projected,0.9823486191018416,0.15288842018845358,0.8899999999999997,0.058411956683607706,0.00012866698671132326
numpy,1,mixed,16,100,3,low_rank,0.9626156746288195,0.159014848480936,0.9999999999999998,-8.748305690637027e-18,0.0001905839890241623
numpy,1,mixed,16,100,3,shrinkage,0.9631593008819198,0.17603718145452768,0.8158999999999996,0.10257076101524716,0.0003074160194955766
numpy,1,mixed,16,100,3,mle,0.9823486191018387,0.15288842018845358,0.8899999999999995,0.058411956683607755,0.0007946660043671727
numpy,1,mixed,16,500,3,linear,0.9995601240731792,0.02653223226443347,0.95624,0.022380904904337078,0.0001145839923992753
numpy,1,mixed,16,500,3,projected,0.9995601240731792,0.026532232264433502,0.95624,0.02238090490433704,0.00011170798097737134
numpy,1,mixed,16,500,3,low_rank,0.9742550886932138,0.04479875831516874,1.0,7.286310141863497e-17,0.00010983401443809271
numpy,1,mixed,16,500,3,shrinkage,0.9880658590565962,0.06799757748292083,0.8695543999999998,0.07014281441390328,0.00017549999756738544
numpy,1,mixed,16,500,3,mle,0.9995601240731792,0.026532232264433474,0.95624,0.02238090490433704,0.0007529169961344451
numpy,1,mixed,17,100,3,linear,0.9828088013138757,0.10652905273418563,0.7857999999999999,0.12197883657128417,0.0001120000088121742
numpy,1,mixed,17,100,3,projected,0.9828088013138755,0.1065290527341857,0.7857999999999999,0.12197883657128418,0.00011195798288099468
numpy,1,mixed,17,100,3,low_rank,0.94818964328524,0.08288446218389268,1.0,-2.0916484841890292e-17,0.00010916701285168529
numpy,1,mixed,17,100,3,shrinkage,0.966141621991153,0.15753255927902027,0.731498,0.15978095291415553,0.00017583300359547138
numpy,1,mixed,17,100,3,mle,0.9828088013138755,0.10652905273418578,0.7857999999999999,0.12197883657128407,0.000751374987885356
numpy,1,mixed,17,500,3,linear,0.9984743611374819,0.025772960993587658,0.931256,0.03564237919465562,0.00011199997970834374
numpy,1,mixed,17,500,3,projected,0.9984743611374828,0.025772960993587786,0.9312560000000003,0.03564237919465569,0.00011350002023391426
numpy,1,mixed,17,500,3,low_rank,0.948921724086459,0.0735234232186616,1.0,8.083933785851566e-18,0.00011079100659117103
numpy,1,mixed,17,500,3,shrinkage,0.9959705899260631,0.045931394826836204,0.8493173600000001,0.0820781412751901,0.00017316697631031275
numpy,1,mixed,17,500,3,mle,0.9984743611374828,0.025772960993588025,0.9312560000000003,0.035642379194655426,0.0007495419995393604
numpy,1,mixed,18,100,3,linear,0.9843863735299171,0.17627007004683193,0.636,0.23923190379189418,0.0001120830129366368
numpy,1,mixed,18,100,3,projected,0.9843863735299173,0.17627007004683207,0.6360000000000001,0.23923190379189413,0.00011408299906179309
numpy,1,mixed,18,100,3,low_rank,0.7163763012245173,0.43360659552727815,1.0000000000000002,-5.55111512312579e-17,0.00010937501792795956
numpy,1,mixed,18,100,3,shrinkage,0.9860630475303002,0.16673557523294996,0.61016,0.26530871341270473,0.00017254098202101886
numpy,1,mixed,18,100,3,mle,0.9843863735299175,0.1762700700468323,0.6360000000000002,0.2392319037918939,0.0007520829967688769
numpy,1,mixed,18,500,3,linear,0.999415250591134,0.030899554251896954,0.6386,0.23675106837823637,0.0001257499970961362
numpy,1,mixed,18,500,3,projected,0.999415250591134,0.030899554251896885,0.6385999999999998,0.2367510683782364,0.00012341700494289398
numpy,1,mixed,18,500,3,low_rank,0.7454069785666905,0.3604903951569445,0.9999999999999996,-3.115557189050105e-17,0.00011229197843931615
numpy,1,mixed,18,500,3,shrinkage,0.9997454253950149,0.021494939428816084,0.612266,0.2630759615404128,0.00017487499280832708
numpy,1,mixed,18,500,3,mle,0.999415250591134,0.03089955425189684,0.6385999999999998,0.23675106837823642,0.004956165998009965
numpy,1,mixed,19,100,3,linear,0.9188518179095116,0.1573123315079514,1.0194,-0.009607692249636243,0.00011774999438785017
numpy,1,mixed,19,100,3,projected,0.9101336959546038,0.1452890984257689,1.0,7.255040012215923e-17,0.0001179169921670109
numpy,1,mixed,19,100,3,low_rank,0.9101336959546038,0.1452890984257689,1.0,7.255040012215923e-17,0.00011074999929405749
numpy,1,mixed,19,100,3,shrinkage,0.988358719467826,0.09830605095892354,0.920714,0.04135307697532736,0.00017595800454728305
numpy,1,mixed,19,100,3,mle,0.9103665538208483,0.1436808932207671,0.9999999999983034,8.483004882408596e-13,0.0031492080015596002
numpy,1,mixed,19,500,3,linear,0.9995347358141855,0.029438484465390224,0.8476799999999999,0.08305875713717177,0.00011337499017827213
numpy,1,mixed,19,500,3,projected,0.9995347358141857,0.029438484465390106,0.8476800000000004,0.08305875713717198,0.00011116600944660604
numpy,1,mixed,19,500,3,low_rank,0.912641877698603,0.1268563878182366,1.0000000000000009,5.710770687234505e-17,0.00011029100278392434
numpy,1,mixed,19,500,3,shrinkage,0.9958039136837199,0.060219506025662006,0.7816208000000004,0.12475288142345457,0.0001720830041449517
numpy,1,mixed,19,500,3,mle,0.9995347358141851,0.02943848446538987,0.8476799999999997,0.08305875713717198,0.0007501670042984188
numpy,1,mixed,20,100,3,linear,1.0,0.09130089788090248,1.1004,-0.04790510127210897,0.0001120000088121742
numpy,1,mixed,20,100,3,projected,0.986000978950937,0.03261222383414166,1.0,4.137189888358785e-17,0.00011441600508987904
numpy,1,mixed,20,100,3,low_rank,0.986000978950937,0.03261222383414166,1.0,4.137189888358785e-17,0.00010933299199678004
numpy,1,mixed,20,100,3,shrinkage,0.9985009494132663,0.027799617570039088,0.9863239999999999,0.006885408855101879,0.0001781659957487136
numpy,1,mixed,20,100,3,mle,0.9859289946778678,0.03475286156946938,0.9999999999994504,2.747956857249791e-13,0.005219999991822988
numpy,1,mixed,20,500,3,linear,0.9975155928856675,0.02139736275678411,0.9905999999999999,0.004722300118408318,0.00012462501763366163
numpy,1,mixed,20,500,3,projected,0.9975155928856617,0.021397362756784173,0.9906000000000003,0.004722300118408365,0.00012400001287460327
numpy,1,mixed,20,500,3,low_rank,0.9861957586587986,0.025961473514104466,1.0000000000000002,-1.5551835503124691e-16,0.00011520800762809813
numpy,1,mixed,20,500,3,shrinkage,0.9860158384879054,0.05970437670906722,0.8973860000000002,0.0542500701065675,0.00017791599384509027
numpy,1,mixed,20,500,3,mle,0.997515592885687,0.021397362756784388,0.9906000000000006,0.004722300118408161,0.0007860000187065452
numpy,1,mixed,21,100,3,linear,0.9745910001379376,0.1493461307141608,1.0324,-0.015945733580577184,0.00011537500540725887
numpy,1,mixed,21,100,3,projected,0.9594244784783,0.13859187121732813,0.9999999999999997,-4.787802028780625e-17,0.00011658298899419606
numpy,1,mixed,21,100,3,low_rank,0.9594244784783,0.13859187121732813,0.9999999999999997,-4.787802028780625e-17,0.00011237498256377876
numpy,1,mixed,21,100,3,shrinkage,0.9919294125736385,0.12634675417171556,0.931244,0.03564883977748041,0.00017570899217389524
numpy,1,mixed,21,100,3,mle,0.9591805575065442,0.14034287291472297,0.9999999999984777,7.611106315591377e-13,0.0035674160171765834
numpy,1,mixed,21,500,3,linear,0.9997955220741336,0.020221873716526895,0.9379679999999999,0.032042736994071154,0.0001128750154748559
numpy,1,mixed,21,500,3,projected,0.9997955220741354,0.020221873716526968,0.9379679999999994,0.032042736994071445,0.00011299998732283711
numpy,1,mixed,21,500,3,low_rank,0.967786159822354,0.049843057853703535,0.9999999999999998,4.898971674524945e-17,0.00011225001071579754
numpy,1,mixed,21,500,3,shrinkage,0.9888797019475036,0.06896791982735394,0.8547540799999995,0.07883846329466404,0.00017404198297299445
numpy,1,mixed,21,500,3,mle,0.9997955220741311,0.020221873716526912,0.9379679999999997,0.032042736994071376,0.000774249987443909
numpy,1,mixed,22,100,3,linear,0.9988467080354804,0.0472246007991293,0.7585999999999999,0.1404169080726961,0.00011891699978150427
numpy,1,mixed,22,100,3,projected,0.9988467080354788,0.04722460079912918,0.7585999999999995,0.14041690807269608,0.00011820899089798331
numpy,1,mixed,22,100,3,low_rank,0.8639517973354217,0.1980157030219458,0.9999999999999996,1.6320820968724556e-17,0.00011158300912939012
numpy,1,mixed,22,100,3,shrinkage,0.9956856069982485,0.07378704466222599,0.7094660000000002,0.17637521726542651,0.00018004101002588868
numpy,1,mixed,22,100,3,mle,0.998846708035479,0.04722460079912905,0.7585999999999998,0.1404169080726962,0.0007660829869564623
numpy,1,mixed,22,500,3,linear,0.9999702380467964,0.006796257898425126,0.763576,0.1369738301444371,0.0002228330122306943
numpy,1,mixed,22,500,3,projected,0.9999702380467962,0.006796257898425102,0.7635759999999999,0.13697383014443706,0.0001483329979237169
numpy,1,mixed,22,500,3,low_rank,0.8654306963626234,0.19040068431828827,0.9999999999999998,-1.1603262695352064e-17,0.00011995801469311118
numpy,1,mixed,22,500,3,shrinkage,0.9970969935653392,0.05505553142683899,0.7134965599999998,0.17327644712999343,0.00019775002147071064
numpy,1,mixed,22,500,3,mle,0.9999702380467966,0.0067962578984251095,0.7635759999999999,0.1369738301444371,0.0007605410064570606
numpy,1,mixed,23,100,3,linear,0.9937268519863625,0.05652048873932796,0.9458,0.02787713463548497,0.00011404097313061357
numpy,1,mixed,23,100,3,projected,0.9937268519863559,0.05652048873932771,0.9458000000000013,0.02787713463548499,0.00011245798668824136
numpy,1,mixed,23,100,3,low_rank,0.9893223082301839,0.05320668857157267,1.0000000000000013,1.3386549527596047e-16,0.00011108300532214344
numpy,1,mixed,23,100,3,shrinkage,0.9665620185143814,0.1044062409948253,0.861098000000001,0.07508942117193651,0.00017254200065508485
numpy,1,mixed,23,100,3,mle,0.9937268519863572,0.05652048873932768,0.9458000000000008,0.02787713463548465,0.0007505840039812028
numpy,1,mixed,23,500,3,linear,0.9972571006791879,0.04392924802274822,0.9941519999999999,0.002932600143602207,0.00011566700413823128
numpy,1,mixed,23,500,3,projected,0.9972571006791853,0.04392924802274822,0.9941520000000003,0.0029326001436021792,0.00011549997725524008
numpy,1,mixed,23,500,3,low_rank,0.9897211938512563,0.045090498535623656,1.0000000000000004,2.8749099395562893e-18,0.00011300001642666757
numpy,1,mixed,23,500,3,shrinkage,0.981147382313381,0.0735572907652945,0.9002631199999996,0.052639340129242075,0.000181332987267524
numpy,1,mixed,23,500,3,mle,0.9972571006791879,0.04392924802274825,0.9941519999999999,0.002932600143602207,0.0007533330062869936
numpy,1,mixed,24,100,3,linear,0.9931146100973477,0.11668622035097118,0.7356,0.15677995396538966,0.00011416702182032168
numpy,1,mixed,24,100,3,projected,0.9931146100973484,0.11668622035097125,0.7356000000000001,0.15677995396538968,0.00011124997399747372
numpy,1,mixed,24,100,3,low_rank,0.8238603193108931,0.27370869589525726,1.0,2.1701473337904014e-16,0.00010858301538974047
numpy,1,mixed,24,100,3,shrinkage,0.9929117166506152,0.11538550819259195,0.6908360000000002,0.19110195856885062,0.00017379201017320156
numpy,1,mixed,24,100,3,mle,0.9931146100973484,0.11668622035097123,0.7356000000000001,0.15677995396538968,0.0007493750017601997
numpy,1,mixed,24,500,3,linear,0.9996512551792613,0.0252639394404423,0.714472,0.17253091748991023,0.00011220801388844848
numpy,1,mixed,24,500,3,projected,0.9996512551792616,0.025263939440442407,0.7144719999999998,0.1725309174899103,0.00011229098890908062
numpy,1,mixed,24,500,3,low_rank,0.8332152907755574,0.23707911607594997,1.0000000000000002,7.696587493469793e-18,0.00011004201951436698
numpy,1,mixed,24,500,3,shrinkage,0.9972396066981192,0.059461490525315554,0.67372232,0.2052778257409193,0.00017304200446233153
numpy,1,mixed,24,500,3,mle,0.9996512551792613,0.025263939440442487,0.714472,0.1725309174899103,0.0007470420096069574
numpy,1,mixed,25,100,3,linear,0.9380825085473535,0.1687966176708106,1.0212,-0.010489960724008703,0.00011612498201429844
numpy,1,mixed,25,100,3,projected,0.9284281556365833,0.1589624985848476,0.9999999999999997,2.9237583265479474e-17,0.00012487501953728497
numpy,1,mixed,25,100,3,low_rank,0.9284281556365833,0.1589624985848476,0.9999999999999997,2.9237583265479474e-17,0.00011012499453499913
numpy,1,mixed,25,100,3,shrinkage,0.9894556044840346,0.13018297006510396,0.9221719999999993,0.04055903534839211,0.00018320800154469907
numpy,1,mixed,25,100,3,mle,0.9287225293066812,0.1571024370135824,0.9999999999984303,7.847852644773077e-13,0.004220458009513095
numpy,1,mixed,25,500,3,linear,0.9985034631944484,0.04740898290504319,0.8626320000000001,0.07418783483794174,0.00011791702127084136
numpy,1,mixed,25,500,3,projected,0.9985034631944484,0.04740898290504315,0.8626320000000002,0.07418783483794175,0.00012287500430829823
numpy,1,mixed,25,500,3,low_rank,0.9359373964224013,0.10124529456485064,1.0000000000000002,7.073824866376789e-17,0.00011287498637102544
numpy,1,mixed,25,500,3,shrinkage,0.9900581357673086,0.08716942047334111,0.7937319200000004,0.11676905135414752,0.00017391698202118278
numpy,1,mixed,25,500,3,mle,0.9985034631944484,0.0474089829050432,0.8626320000000001,0.07418783483794178,0.0007582500111311674
numpy,1,mixed,26,100,3,linear,0.9760654923361974,0.1885773070323378,0.5964,0.2804550159989985,0.00011208298383280635
numpy,1,mixed,26,100,3,projected,0.9760654923361974,0.1885773070323378,0.5963999999999998,0.2804550159989985,0.00011454199557192624
numpy,1,mixed,26,100,3,low_rank,0.8255482024290729,0.2719465160468524,0.9999999999999993,-3.5663216596042615e-17,0.00010958302300423384
numpy,1,mixed,26,100,3,shrinkage,0.969245899109568,0.2140896768514508,0.5780840000000004,0.3024095143990987,0.00017324998043477535
numpy,1,mixed,26,100,3,mle,0.9760654923361974,0.18857730703233783,0.5963999999999998,0.2804550159989987,0.000749250000808388
numpy,1,mixed,26,500,3,linear,0.9987956659024531,0.048114455786724596,0.714808,0.17227450511136613,0.00011166700278408825
numpy,1,mixed,26,500,3,projected,0.9987956659024522,0.04811445578672452,0.7148079999999999,0.17227450511136613,0.0001110419980250299
numpy,1,mixed,26,500,3,low_rank,0.8337734603837428,0.23980068813075348,0.9999999999999997,3.441890116804349e-17,0.00011170798097737134
numpy,1,mixed,26,500,3,shrinkage,0.9962856399439224,0.07249765409745496,0.67399448,0.20504705460022943,0.00017287497757934034
numpy,1,mixed,26,500,3,mle,0.9987956659024517,0.04811445578672454,0.7148079999999999,0.17227450511136613,0.0007484170200768858
numpy,1,mixed,27,100,3,linear,0.9750402318491184,0.14016589168649202,0.9933999999999998,0.0033109624724942835,0.00011283298954367638
numpy,1,mixed,27,100,3,projected,0.9750402318491092,0.1401658916864921,0.9933999999999998,0.003310962472494241,0.00011137500405311584
numpy,1,mixed,27,100,3,low_rank,0.9573335198339435,0.14209018511471455,1.0,3.560060677797144e-17,0.0001093749888241291
numpy,1,mixed,27,100,3,shrinkage,0.9897255166138585,0.12946619446953975,0.8996539999999997,0.05297986622524497,0.00017275000573135912
numpy,1,mixed,27,100,3,mle,0.9750402318491074,0.14016589168649213,0.9934000000000001,0.003310962472494098,0.0007493750017601997
numpy,1,mixed,27,500,3,linear,0.9998265072937909,0.016026319189207033,0.92992,0.03636221034087395,0.00011058399104513228
numpy,1,mixed,27,500,3,projected,0.9998265072937909,0.016026319189206956,0.9299199999999999,0.036362210340873904,0.00011095800437033176
numpy,1,mixed,27,500,3,low_rank,0.9661612128848875,0.050341181988958296,0.9999999999999998,1.2347893477526004e-16,0.00012666601105593145
numpy,1,mixed,27,500,3,shrinkage,0.9884646269479597,0.07088035449587635,0.8482351999999995,0.08272598930678644,0.00018870801432058215
numpy,1,mixed,27,500,3,mle,0.9998265072937893,0.01602631918920672,0.9299200000000001,0.036362210340873884,0.0007827919907867908
numpy,1,mixed,28,100,3,linear,0.9859134582461321,0.16297618958237217,0.6972,0.18599363063784835,0.00014633400132879615
numpy,1,mixed,28,100,3,projected,0.9859134582461316,0.1629761895823721,0.6971999999999998,0.18599363063784843,0.00021608397946693003
numpy,1,mixed,28,100,3,low_rank,0.7563980258391868,0.3723004693979855,1.0,-1.884426025094689e-17,0.00015312500181607902
numpy,1,mixed,28,100,3,shrinkage,0.9893260851236835,0.14593657407567098,0.6597320000000002,0.21739426757406372,0.0002429590094834566
numpy,1,mixed,28,100,3,mle,0.9859134582461319,0.16297618958237228,0.6971999999999999,0.1859936306378484,0.0047032499860506505
numpy,1,mixed,28,500,3,linear,0.9994879807134605,0.03195896733122219,0.653328,0.22311735337872832,0.00011891699978150427
numpy,1,mixed,28,500,3,projected,0.9994879807134607,0.03195896733122217,0.6533280000000001,0.22311735337872832,0.00011537500540725887
numpy,1,mixed,28,500,3,low_rank,0.77422297124918,0.320870334253031,1.0,-9.251445244329347e-17,0.00011416597408242524
numpy,1,mixed,28,500,3,shrinkage,0.9986143875072052,0.04754037392389481,0.6241956800000001,0.2508056180408555,0.0001782919862307608
numpy,1,mixed,28,500,3,mle,0.9994879807134605,0.031958967331222214,0.653328,0.22311735337872832,0.0007772090029902756
numpy,1,mixed,29,100,3,linear,0.9936028518238345,0.11308940729885242,0.9337999999999999,0.03427475911219931,0.00011754198931157589
numpy,1,mixed,29,100,3,projected,0.9936028518238338,0.11308940729885246,0.9337999999999976,0.03427475911219971,0.00011387499398551881
numpy,1,mixed,29,100,3,low_rank,0.959480028536454,0.12647112264620738,0.9999999999999982,2.83468177550505e-20,0.00011049999739043415
numpy,1,mixed,29,100,3,shrinkage,0.9835061062807791,0.12634790394982887,0.8513779999999997,0.0808472832009794,0.00017254101112484932
numpy,1,mixed,29,100,3,mle,0.9936028518238345,0.11308940729885242,0.933799999999999,0.03427475911219982,0.0007549159927293658
numpy,1,mixed,29,500,3,linear,0.999406660592583,0.01364800287613915,0.950088,0.025611973169642522,0.00011270900722593069
numpy,1,mixed,29,500,3,projected,0.999406660592583,0.013648002876139266,0.9500880000000003,0.02561197316964253,0.00011466600699350238
numpy,1,mixed,29,500,3,low_rank,0.9663148540373155,0.048221300912244316,1.0000000000000002,2.4674630101493026e-17,0.00011158399865962565
numpy,1,mixed,29,500,3,shrinkage,0.992041594708575,0.05617135727295851,0.8645712800000008,0.07305077585267807,0.00017333298455923796
numpy,1,mixed,29,500,3,mle,0.9994066605925825,0.013648002876139322,0.9500880000000003,0.0256119731696424,0.0012783750134985894
numpy,2,product,0,100,9,linear,1.0,0.18446124433286915,1.165,-0.10060092061502436,0.00032833401928655803
numpy,2,product,0,100,9,projected,0.9936496289675798,0.11269773793663079,1.0000000000000002,-5.0097035591159415e-17,0.00013566698180511594
numpy,2,product,0,100,9,low_rank,0.9936496289675798,0.11269773793663079,1.0000000000000002,-5.0097035591159415e-17,0.00012454201350919902
numpy,2,product,0,100,9,shrinkage,0.9489949154623601,0.12646797201255275,0.9139839455972975,-5.755632062750602e-17,0.00022375001572072506
numpy,2,product,0,100,9,mle,0.9949543466389289,0.10045574010935797,0.9999999999970008,1.7406128072451483e-14,0.016877957998076454
numpy,2,product,0,500,9,linear,1.0,0.11205007154484876,1.0227560000000002,-0.04245215881831679,0.00035283301258459687
numpy,2,product,0,500,9,projected,0.9717601023978782,0.08711795422180724,0.9511097017288921,6.378380734628185e-18,0.00014279200695455074
numpy,2,product,0,500,9,low_rank,0.9967297585248726,0.08087348393825981,0.9999999999999988,-7.239059551983256e-17,0.00012083299225196242
numpy,2,product,0,500,9,shrinkage,0.9244648176245612,0.12833251476150326,0.8653988584004029,-3.856993776434257e-17,0.00018312499742023647
numpy,2,product,0,500,9,mle,0.9893621277076191,0.03618573868579422,0.9800336255116522,5.413493472949172e-14,0.06466379199991934
numpy,2,product,1,100,9,linear,0.9749816504119864,0.12098233878322835,0.9645999999999999,-0.040183838217079236,0.00032616700627841055
numpy,2,product,1,100,9,projected,0.9507212927678175,0.10741549102023969,0.9129806386920415,-3.2060403243987556e-17,0.00012741598766297102
numpy,2,product,1,100,9,low_rank,0.996051531192327,0.08886488711332267,0.9999999999999992,-1.3710375132392373e-16,0.00011662498582154512
numpy,2,product,1,100,9,shrinkage,0.8987792900089415,0.15381022826589433,0.8212161405739469,-8.326723438434058e-17,0.0001846670056693256
numpy,2,product,1,100,9,mle,0.9499115856274337,0.12085422719611953,0.9144289050798048,5.457242146038898e-18,0.06473799998639151
numpy,2,product,1,500,9,linear,1.0,0.07472044479528886,1.009872,-0.045970977860090655,0.00032616598764434457
numpy,2,product,1,500,9,projected,0.9778125948448324,0.04683781748917672,0.9578189398339625,-1.1723686173265677e-17,0.0001295830006711185
numpy,2,product,1,500,9,low_rank,0.9993533330839744,0.035963317178762715,1.0000000000000013,-1.245312841742197e-16,0.00012008400517515838
numpy,2,product,1,500,9,shrinkage,0.9214837681591421,0.10609150886913567,0.8542229280190374,-4.4480153567876133e-17,0.0001804579806048423
numpy,2,product,1,500,9,mle,0.9829369826080346,0.0400552502517322,0.9674783559707074,2.8054518591277298e-14,0.06470695798634551
numpy,2,product,2,100,9,linear,1.0,0.1464407863294627,1.0396999999999998,-0.05910305724969568,0.00033158401492983103
numpy,2,product,2,100,9,projected,0.9743328343410657,0.12035627055160353,0.9631512849886108,-2.738676855381391e-18,0.00013170798774808645
numpy,2,product,2,100,9,low_rank,0.9929601098640027,0.11865829603074415,1.0000000000000004,-3.036616230481076e-18,0.00011895800707861781
numpy,2,product,2,100,9,shrinkage,0.9239302129910197,0.1481270880880815,0.8698020573321359,3.198920840895684e-17,0.00018191698472946882
numpy,2,product,2,100,9,mle,0.9954520284932556,0.06720468434619568,0.995420514803379,-1.5735382851378545e-18,0.0651638749986887
numpy,2,product,2,500,9,linear,0.9952870921775853,0.08149748164841719,0.9972159999999998,-0.02302279650194302,0.0003287500003352761
numpy,2,product,2,500,9,projected,0.9854907056229889,0.07603723757441602,0.9767630465541667,-2.980970473515279e-18,0.0001347090001218021
numpy,2,product,2,500,9,low_rank,0.9972045801089195,0.07477194624611287,1.0000000000000007,-7.99946260709887e-18,0.00012195800081826746
numpy,2,product,2,500,9,shrinkage,0.9207583860063046,0.11716746802560302,0.8552449600000005,0.004279483148251284,0.0001806250074878335
numpy,2,product,2,500,9,mle,0.9900795254453368,0.044892996515503165,0.9821744300260067,2.5153177160797928e-17,0.06465520799974911
numpy,2,product,3,100,9,linear,0.9432608570629752,0.17169261476282255,0.9160000000000001,-0.0493501025436701,0.00032579200342297554
numpy,2,product,3,100,9,projected,0.926711019590073,0.15926943933001922,0.8787887429243743,-4.460816445868281e-17,0.0001328329963143915
numpy,2,product,3,100,9,low_rank,0.990853660993858,0.1352506037791922,1.0000000000000007,-1.942534775713716e-16,0.00011979098781011999
numpy,2,product,3,100,9,shrinkage,0.8676303985853708,0.20187433990814926,0.7760140107289955,-3.790873899680869e-17,0.0001818329910747707
numpy,2,product,3,100,9,mle,0.9733153743859897,0.08502372565994651,0.9538597247395061,2.7528436477967353e-17,0.06476195799768902
numpy,2,product,3,500,9,linear,0.991892766245656,0.06562434300623747,0.988092,-0.023837130798364803,0.00032824999652802944
numpy,2,product,3,500,9,projected,0.9784514132392431,0.0572412664010528,0.9601793584858502,-3.2227993509401546e-17,0.00013237498933449388
numpy,2,product,3,500,9,low_rank,0.9987488994048325,0.05002235806620718,0.9999999999999987,-1.733650364820807e-16,0.00011833399184979498
numpy,2,product,3,500,9,shrinkage,0.9177034683284323,0.1115688977963845,0.8478545200000014,0.0035465822814717248,0.00018129200907424092
numpy,2,product,3,500,9,mle,0.9873359679107648,0.03766349968305609,0.9760904546298661,1.0375576756479734e-16,0.06564870802685618
numpy,2,product,4,100,9,linear,0.9975557687828118,0.14828512893913687,1.0171,-0.09786836358845766,0.00032737498986534774
numpy,2,product,4,100,9,projected,0.9531812525504225,0.09118570616784166,0.9146772929196623,1.0812548166361876e-18,0.00013337499694898725
numpy,2,product,4,100,9,low_rank,0.9976492045461314,0.06856839214715353,0.999999999999999,-6.101859688400271e-17,0.00011820800136774778
numpy,2,product,4,100,9,shrinkage,0.9017862638492334,0.14289319515321827,0.8239909430767632,-3.1498302544432327e-18,0.00018012500368058681
numpy,2,product,4,100,9,mle,0.9832721104091904,0.06812005798919049,0.9711845318823032,7.305596898506267e-16,0.06545870899572037
numpy,2,product,4,500,9,linear,0.993592579887389,0.07729719396045419,0.9931599999999999,-0.02215118443549209,0.0003306659928057343
numpy,2,product,4,500,9,projected,0.9804909530177744,0.07149363351536638,0.9660932108008645,3.938300514697591e-18,0.0001387499796692282
numpy,2,product,4,500,9,low_rank,0.997666634751145,0.06831353437168931,1.000000000000001,-1.2558277646811182e-17,0.00012237500050105155
numpy,2,product,4,500,9,shrinkage,0.919233323810224,0.1161592466174956,0.8519595999999995,0.005063934008057378,0.00018083301256410778
numpy,2,product,4,500,9,mle,0.9869914521099835,0.033773785820343745,0.9751235728286064,1.2877949677535775e-14,0.06591970898443833
numpy,2,product,5,100,9,linear,0.9408632940099362,0.23679830881632252,0.9377999999999999,-0.05544359107232269,0.0003242500242777169
numpy,2,product,5,100,9,projected,0.9053666763259387,0.2222681181068008,0.860136421176732,-8.932108750498595e-17,0.00013299999409355223
numpy,2,product,5,100,9,low_rank,0.9781086218584846,0.2092433071184069,0.9999999999999983,-1.33764333093977e-16,0.00011900000390596688
numpy,2,product,5,100,9,shrinkage,0.8635647075148796,0.2501249377662054,0.7896918830200059,-5.447244179773091e-18,0.0001810839748941362
numpy,2,product,5,100,9,mle,0.9682474947927172,0.08747534811464079,0.9441468650795388,1.1049199131462761e-18,0.06510200002230704
numpy,2,product,5,500,9,linear,0.9757082358642187,0.08138516307388399,0.95804,-0.008894183377162156,0.000420958996983245
numpy,2,product,5,500,9,projected,0.9697496868078029,0.08007275149304802,0.945910995789248,-6.877051040567295e-17,0.0001494169991929084
numpy,2,product,5,500,9,low_rank,0.9974882940247235,0.07087618240232277,1.0000000000000013,-4.325820800201402e-18,0.00012404099106788635
numpy,2,product,5,500,9,shrinkage,0.9031374181970285,0.13129200391382007,0.8235123999999996,0.016995234960554124,0.00018537501455284655
numpy,2,product,5,500,9,mle,0.9886679740459852,0.03007141190825725,0.9782401871716669,1.4660456974690172e-16,0.06434574999730103
numpy,2,product,6,100,9,linear,0.9904830082417685,0.14606165172021413,1.0022999999999997,-0.05903250171579838,0.0003284169943071902
numpy,2,product,6,100,9,projected,0.9579683192739158,0.12297067638881523,0.9310584054005931,-2.058617253110112e-18,0.00013079200289212167
numpy,2,product,6,100,9,low_rank,0.9933550692090075,0.11528172292859414,0.9999999999999997,-3.426171212195232e-17,0.00011875000200234354
numpy,2,product,6,100,9,shrinkage,0.9071606709550893,0.15885160310372717,0.8395551592472705,2.6335587882035682e-17,0.00017804201343096793
numpy,2,product,6,100,9,mle,0.9831769831810425,0.10765058549273047,0.9779426087025186,3.647287166670362e-18,0.064472541998839
numpy,2,product,6,500,9,linear,0.9805103376961826,0.0849669643820939,0.9682399999999999,-0.026856690202604797,0.0003244589897803962
numpy,2,product,6,500,9,projected,0.9695924592434481,0.07804261153484347,0.9452755223335794,-4.55561860502453e-17,0.00013441700139082968
numpy,2,product,6,500,9,low_rank,0.9976741489349636,0.06820364684156763,0.9999999999999999,-7.37010395698615e-17,0.00011845800327137113
numpy,2,product,6,500,9,shrinkage,0.9074592981983812,0.12983006790677284,0.8317743999999998,0.0008289788176557239,0.00019408398657105863
numpy,2,product,6,500,9,mle,0.982752200979509,0.049383985429945966,0.9679431513538026,6.972801454163459e-15,0.06392491699079983
numpy,2,product,7,100,9,linear,0.9951000197910363,0.10295613205695292,1.0007999999999997,-0.03364637964217305,0.0003205000248271972
numpy,2,product,7,100,9,projected,0.9797769936202205,0.09344252512419876,0.9682854739513889,-3.7453148041650176e-18,0.00012962499749846756
numpy,2,product,7,100,9,low_rank,0.9958053327520177,0.09159348703095856,1.0000000000000004,-5.2099380204047966e-18,0.00011608400382101536
numpy,2,product,7,100,9,shrinkage,0.9188466867566725,0.12998575445620775,0.8545896431544929,-5.7501540368660306e-18,0.00017854198813438416
numpy,2,product,7,100,9,mle,0.9903886374806242,0.1190842227030584,0.9949583118012172,2.0193097781670262e-18,0.06406516602146439
numpy,2,product,7,500,9,linear,1.0,0.07544987096409214,1.0128679999999999,-0.04161643339086983,0.00032662501325830817
numpy,2,product,7,500,9,projected,0.9839776360552746,0.05626214385188875,0.9711206838536871,-7.871378369956044e-17,0.00014874999760650098
numpy,2,product,7,500,9,low_rank,0.9985947938791917,0.05301369982348219,0.9999999999999994,-1.560056796397097e-17,0.00012508398503996432
numpy,2,product,7,500,9,shrinkage,0.9240792922470874,0.1060871218100232,0.8594130575718334,-6.974487450573752e-18,0.00019595801131799817
numpy,2,product,7,500,9,mle,0.9923714579536606,0.023112007644180144,0.9852770711185377,2.1031089664665206e-14,0.0639038750086911
numpy,2,product,8,100,9,linear,1.0,0.13986774995864287,1.0557,-0.06961897953095518,0.0003216660115867853
numpy,2,product,8,100,9,projected,0.9692082801191213,0.09333346830675172,0.9471276232922337,-1.0601150369402884e-17,0.00012933299876749516
numpy,2,product,8,100,9,low_rank,0.9962256670910367,0.08688341960526828,0.9999999999999998,-1.919961022048406e-17,0.00011724999058060348
numpy,2,product,8,100,9,shrinkage,0.9221993476345771,0.13332185349485995,0.8621733748667094,-1.607485507067296e-16,0.000181332987267524
numpy,2,product,8,100,9,mle,0.9796493443130384,0.08294768425809132,0.9661789805950607,3.9278600121670154e-16,0.06381054100347683
numpy,2,product,8,500,9,linear,1.0,0.08872820136957757,1.018672,-0.034480585148727746,0.00032058299984782934
numpy,2,product,8,500,9,projected,0.9844466566562776,0.07497912412524445,0.9745150923794872,-9.527032823798284e-17,0.0001298749994020909
numpy,2,product,8,500,9,low_rank,0.997304677964576,0.07342117950468748,1.0000000000000009,-4.194606271833656e-17,0.00011662501492537558
numpy,2,product,8,500,9,shrinkage,0.9278548015187249,0.11333383634247965,0.8685541137406452,4.4661268862435175e-17,0.00018075000843964517
numpy,2,product,8,500,9,mle,0.9947772334054336,0.034489724653678146,0.9907439683338405,2.2826451250217207e-15,0.06387129201903008
numpy,2,product,9,100,9,linear,0.9607368183377047,0.15692798671635078,0.9461,-0.04982521189103964,0.00031962498906068504
numpy,2,product,9,100,9,projected,0.9441351494638539,0.14595500581315093,0.9095731230859916,-9.650708115537521e-17,0.00012845799210481346
numpy,2,product,9,100,9,low_rank,0.9905297229937458,0.13762480013975806,1.0000000000000007,-8.401802282725653e-18,0.00011608400382101536
numpy,2,product,9,100,9,shrinkage,0.8830515808705142,0.18434862815150355,0.8000875630329863,-1.257763480050165e-16,0.0001779169833753258
numpy,2,product,9,100,9,mle,0.9707741592549639,0.10039322454644069,0.9516270796820092,1.3469903222373695e-14,0.06442350000725128
numpy,2,product,9,500,9,linear,1.0,0.06611317182358534,1.012764,-0.022249199399048843,0.00032812499557621777
numpy,2,product,9,500,9,projected,0.9855781024010173,0.054142096500634514,0.9740875333012199,-1.748351366433066e-16,0.00014104199362918735
numpy,2,product,9,500,9,low_rank,0.9986762517713288,0.0514541687124063,1.000000000000001,-3.9781344390256004e-17,0.00012308399891480803
numpy,2,product,9,500,9,shrinkage,0.9287769013739396,0.10141546400681442,0.86783884,0.004975720540855939,0.00018616701709106565
numpy,2,product,9,500,9,mle,0.994336087923046,0.03006192775533248,0.9895758481461527,1.1674245763132467e-14,0.06432216698885895
numpy,2,product,10,100,9,linear,1.0,0.18190937036526078,1.1237,-0.13168080918815459,0.00032391599961556494
numpy,2,product,10,100,9,projected,0.9800351368907354,0.07945585699848119,0.9663834866748757,-2.6378212347247343e-18,0.00013420800678431988
numpy,2,product,10,100,9,low_rank,0.9970844933900714,0.07636121641881254,0.9999999999999998,-1.966722573393309e-17,0.0001185830042231828
numpy,2,product,10,100,9,shrinkage,0.9318901704125518,0.11828063614832537,0.8777706242066499,-3.3240460065982713e-17,0.00018075000843964517
numpy,2,product,10,100,9,mle,0.9928744106017644,0.07821122368064595,0.9918657919525353,2.0279384326798243e-16,0.06363858401891775
numpy,2,product,10,500,9,linear,0.9904831229695364,0.07762591971421241,0.9869919999999999,-0.047377238879242944,0.0003252080059610307
numpy,2,product,10,500,9,projected,0.970897011522046,0.05392697135698112,0.9447021247786616,-1.3670431397362811e-17,0.00013308398774825037
numpy,2,product,10,500,9,low_rank,0.9993357994693745,0.03644755082528066,1.0,-1.0342764412319852e-16,0.00011737499153241515
numpy,2,product,10,500,9,shrinkage,0.91055992321459,0.11691515360002651,0.8347889733536151,4.5360384124289913e-17,0.00018083301256410778
numpy,2,product,10,500,9,mle,0.9859209120544558,0.04370470234083905,0.9737518784591,2.7247160950620807e-15,0.06766141700791195
numpy,2,product,11,100,9,linear,0.9899771314097007,0.17188878477050462,1.0095,-0.0895850016800694,0.0003264159895479679
numpy,2,product,11,100,9,projected,0.9437924703234655,0.12958623560980206,0.9043775023874284,-1.502225865594322e-16,0.000136125017888844
numpy,2,product,11,100,9,low_rank,0.9936808636460558,0.1124204288779522,0.9999999999999997,-2.4574413650242166e-16,0.00011895797797478735
numpy,2,product,11,100,9,shrinkage,0.8974635048019374,0.17046386398698063,0.8239849220979965,4.975350018100374e-18,0.0001822909980546683
numpy,2,product,11,100,9,mle,0.9676107059673188,0.1011288331434043,0.9454484217685246,-2.225177961398308e-16,0.06386545900022611
numpy,2,product,11,500,9,linear,0.9910912021911451,0.07616864777580437,0.987984,-0.036896826825274044,0.00032458401983603835
numpy,2,product,11,500,9,projected,0.9745783122330234,0.06131506090331417,0.9529161070383088,3.810978102653981e-17,0.00013120798394083977
numpy,2,product,11,500,9,low_rank,0.9986691604720332,0.05159171331072859,1.0000000000000007,-3.650626203589656e-17,0.00011904200073331594
numpy,2,product,11,500,9,shrinkage,0.9142576951028539,0.11700611841292359,0.8422058009515293,1.230585874332218e-16,0.0001822079939302057
numpy,2,product,11,500,9,mle,0.9881634885234815,0.03604588479681407,0.9776261777887815,3.0664568178203066e-13,0.06433995900442824
numpy,2,product,12,100,9,linear,1.0,0.1708431725762402,1.0779999999999998,-0.08612591680727734,0.0003319169918540865
numpy,2,product,12,100,9,projected,0.9701131241837151,0.11886071952470811,0.9543540773716461,-6.702053872548272e-17,0.00012979100574739277
numpy,2,product,12,100,9,low_rank,0.993317449927347,0.11560771714196659,0.9999999999999996,-2.311459530870016e-16,0.0001161250111181289
numpy,2,product,12,100,9,shrinkage,0.9227860482945686,0.1498490489905434,0.8680268026710329,-2.4603266254527013e-17,0.00018174998695030808
numpy,2,product,12,100,9,mle,0.9835168023312959,0.10017914038924355,0.9770694141141743,-4.1238163923100134e-17,0.06434450001688674
numpy,2,product,12,500,9,linear,0.987819503227632,0.0911757933450699,0.9839519999999999,-0.03071126148071965,0.00032120899413712323
numpy,2,product,12,500,9,projected,0.9696955598401445,0.08063406251759092,0.9458928885588319,-6.605523181205908e-17,0.00013220799155533314
numpy,2,product,12,500,9,low_rank,0.997433652998769,0.07164324140584367,1.0000000000000004,-3.712560697956469e-17,0.00012491599773056805
numpy,2,product,12,500,9,shrinkage,0.9131632372574425,0.1280832968151801,0.8427317360254691,7.059968095823446e-17,0.00019374999101273715
numpy,2,product,12,500,9,mle,0.9884475955681334,0.03960454751366875,0.9784636787485756,8.227548074046517e-15,0.0645454160112422
numpy,2,product,13,100,9,linear,1.0,0.1775485722931609,1.0465,-0.09126155500690726,0.0003841669822577387
numpy,2,product,13,100,9,projected,0.9643094540016256,0.13659769998181634,0.9472778090308732,-5.834065901784398e-17,0.0002103750011883676
numpy,2,product,13,100,9,low_rank,0.9910053698249015,0.1341242445229161,0.999999999999999,-6.251210109456018e-17,0.00016545801190659404
numpy,2,product,13,100,9,shrinkage,0.9128821430687223,0.16418843551266324,0.8527221284935416,2.2056889690589796e-17,0.0002109999768435955
numpy,2,product,13,100,9,mle,0.9890952274097435,0.09417385347468354,0.9870591344507285,-4.357294557468073e-17,0.0636626250052359
numpy,2,product,13,500,9,linear,0.9793746736060874,0.05978887617397193,0.9623240000000002,-0.012560408351076146,0.0003336249792482704
numpy,2,product,13,500,9,projected,0.9736612208367411,0.05772736318569794,0.9506548688057169,-8.801066499858175e-17,0.00013987498823553324
numpy,2,product,13,500,9,low_rank,0.9989367272691619,0.04611508075114565,1.0000000000000013,-1.0036110023504737e-16,0.00012558299931697547
numpy,2,product,13,500,9,shrinkage,0.9064371998960783,0.11877743364263949,0.8269824400000025,0.013695632484031352,0.0002479169925209135
numpy,2,product,13,500,9,mle,0.9866249387321079,0.03853252436743051,0.9747346243200119,4.1696821388424573e-13,0.06373441699543037
numpy,2,product,14,100,9,linear,1.0,0.15028306370101233,1.0486999999999997,-0.07712760822312024,0.0003218750061932951
numpy,2,product,14,100,9,projected,0.9848173422440765,0.11681364108944547,0.9832800596597338,-1.708480616122044e-17,0.00013054200098849833
numpy,2,product,14,100,9,low_rank,0.9931868223155172,0.11673213059206126,1.0000000000000007,-2.9571704061047067e-17,0.00015104201156646013
numpy,2,product,14,100,9,shrinkage,0.9222035811212357,0.14247711600527435,0.8647068635066112,-5.2768044580121646e-17,0.0002145000034943223
numpy,2,product,14,100,9,mle,0.9708326032761032,0.10781127680776759,0.953288463188239,-6.589817702587771e-18,0.06387050001649186
numpy,2,product,14,500,9,linear,0.9829991020522274,0.07775498840049577,0.9720440000000001,-0.0344152396334117,0.00032970801112242043
numpy,2,product,14,500,9,projected,0.9672256270950763,0.06549706042661978,0.9387410854145786,1.2111049112465128e-17,0.00013100000796839595
numpy,2,product,14,500,9,low_rank,0.9988109992483871,0.04876526288896965,1.0000000000000013,-4.8740913148669956e-17,0.00011883300612680614
numpy,2,product,14,500,9,shrinkage,0.9077121024293117,0.12410237203420829,0.8308255825147436,6.753540823429777e-18,0.00021062500309199095
numpy,2,product,14,500,9,mle,0.9788803662570988,0.03754395308262141,0.9591702220834235,7.868107487441119e-15,0.06416541599901393
numpy,2,product,15,100,9,linear,0.9548952564626164,0.1992724608926756,0.9494999999999999,-0.08441829529955648,0.000327209010720253
numpy,2,product,15,100,9,projected,0.9186374165976622,0.16952220682329522,0.8660125569715901,-3.0127645734801637e-17,0.00013270799536257982
numpy,2,product,15,100,9,low_rank,0.9897028950997443,0.14350692708176863,0.999999999999998,-1.30462782334631e-16,0.00015054098912514746
numpy,2,product,15,100,9,shrinkage,0.8676901836746138,0.209202196024854,0.7791458894037875,-6.797354760313139e-17,0.00020845900871790946
numpy,2,product,15,100,9,mle,0.9636840799760064,0.0937229272913539,0.9361520787093095,-1.5911755661239617e-17,0.06414758300525136
numpy,2,product,15,500,9,linear,0.9756071478788111,0.06815953448995038,0.9558599999999999,-0.028893675696332888,0.0003270840097684413
numpy,2,product,15,500,9,projected,0.9659849479857624,0.05928368851000288,0.9354844235421185,2.5949853814367235e-17,0.00015787500888109207
numpy,2,product,15,500,9,low_rank,0.9992746164383998,0.03808965949396044,1.0000000000000004,-9.759798170498526e-17,0.00014466699212789536
numpy,2,product,15,500,9,shrinkage,0.9027119953490671,0.125107066221754,0.8210757164024486,-9.879114764521262e-17,0.0001992089964915067
numpy,2,product,15,500,9,mle,0.983153703653469,0.049230853771542876,0.9687310281353219,1.174299052652836e-15,0.06358558300416917
numpy,2,product,16,100,9,linear,1.0,0.09042102686170117,1.0953000000000002,-0.059065313124384136,0.00032204101444222033
numpy,2,product,16,100,9,projected,0.9989017587611756,0.046866748614768375,1.0000000000000004,-1.4304994863548116e-17,0.0001311659871134907
numpy,2,product,16,100,9,low_rank,0.9989017587611756,0.046866748614768375,1.0000000000000004,-1.4304994863548116e-17,0.0001188750029541552
numpy,2,product,16,100,9,shrinkage,0.9548340402746722,0.07207759323509498,0.9148632561345282,8.305473171966213e-17,0.0002114160160999745
numpy,2,product,16,100,9,mle,0.9972008152396584,0.07482254503887543,0.9999999999946938,1.5710453133455005e-14,0.017564875015523285
numpy,2,product,16,500,9,linear,0.9868973134886827,0.08030805444108852,0.980244,-0.01173408357477512,0.00032612498034723103
numpy,2,product,16,500,9,projected,0.9830039665861396,0.07892894556354141,0.9722376926603653,-9.831761074288462e-17,0.00012904100003652275
numpy,2,product,16,500,9,low_rank,0.9970105300153552,0.07732372678569527,1.0000000000000013,-2.0923625142601634e-18,0.00011725001968443394
numpy,2,product,16,500,9,shrinkage,0.9132076077602125,0.12281077007861123,0.84149764,0.014439324782702432,0.00018341600662097335
numpy,2,product,16,500,9,mle,0.9926916952449125,0.03500730857836705,0.9866088813876652,5.576073807482057e-16,0.06421595899155363
numpy,2,product,17,100,9,linear,0.9918463372576665,0.12086097340123293,0.9983,-0.030493167457084053,0.0003255420015193522
numpy,2,product,17,100,9,projected,0.9753520417954403,0.1137366793648725,0.9636400904639458,-2.9121854525304298e-18,0.00013229201431386173
numpy,2,product,17,100,9,low_rank,0.9936776572811726,0.11244869904233226,1.0000000000000027,-6.697443614217509e-17,0.00011920899851247668
numpy,2,product,17,100,9,shrinkage,0.9168533773731448,0.14414945994260822,0.8544858029840168,-4.190220253312632e-18,0.0001837919990066439
numpy,2,product,17,100,9,mle,0.9807744534127815,0.0826854072871424,0.9683857573337838,-6.0680984602799606e-18,0.06470191598054953
numpy,2,product,17,500,9,linear,1.0,0.08898658762180635,1.0592840000000001,-0.046215264507554955,0.0003269170119892806
numpy,2,product,17,500,9,projected,0.9968244882702754,0.06231966492066906,0.9975327057649972,-3.1275567650379458e-18,0.00013233302161097527
numpy,2,product,17,500,9,low_rank,0.9980562409396943,0.06235027952732432,1.0000000000000004,-8.87018542666917e-19,0.00011845800327137113
numpy,2,product,17,500,9,shrinkage,0.9425844525209199,0.09445406407146316,0.8940904117718705,-7.494241403536316e-17,0.0001811669790185988
numpy,2,product,17,500,9,mle,0.9978655279109767,0.05149509800983074,0.9983827358867813,1.7610232454922904e-16,0.06391737502417527
numpy,2,product,18,100,9,linear,1.0,0.12661028043388214,1.0553,-0.06214816093466817,0.00032037499477155507
numpy,2,product,18,100,9,projected,0.987786569433935,0.09698469984619812,0.9849791001756631,-3.2542750518204777e-18,0.0001303750032093376
numpy,2,product,18,100,9,low_rank,0.9953154516765352,0.09679426473745537,1.0000000000000004,-1.7185648398456233e-16,0.00011745799565687776
numpy,2,product,18,100,9,shrinkage,0.9324953957961838,0.12411361592506573,0.8803949410084468,1.0664547569751061e-17,0.00018041700241155922
numpy,2,product,18,100,9,mle,0.9885494220856653,0.06703622808042049,0.981592649637065,1.4164073218312632e-16,0.06357116700382903
numpy,2,product,18,500,9,linear,0.9948506513757248,0.08196798560501736,0.9964200000000001,-0.03632290771454186,0.00032550000469200313
numpy,2,product,18,500,9,projected,0.9735212319845173,0.06586842512805002,0.9513810795986416,-5.49728134645414e-17,0.0001289999927394092
numpy,2,product,18,500,9,low_rank,0.9984092474354488,0.05640510618705365,1.0000000000000009,-2.814182100524968e-17,0.00011991700739599764
numpy,2,product,18,500,9,shrinkage,0.9178061215726522,0.11739692193359716,0.8493942612526549,3.1941695881217083e-17,0.0001810839748941362
numpy,2,product,18,500,9,mle,0.9883820123754266,0.04138724304418887,0.978476884561623,4.872135849073695e-15,0.06413191699539311
numpy,2,product,19,100,9,linear,0.9853927779049461,0.1490452177738514,0.993,-0.05780213493490491,0.00032816699240356684
numpy,2,product,19,100,9,projected,0.9613476233887532,0.1300193073809111,0.9396002526120019,-2.1607723192954276e-17,0.00013387500075623393
numpy,2,product,19,100,9,low_rank,0.9922543026645887,0.12446455361523567,0.9999999999999998,-3.613385241292013e-17,0.00011937500676140189
numpy,2,product,19,100,9,shrinkage,0.9029761064001713,0.16398052704464458,0.8328418067212092,3.23323986142514e-17,0.00018149998504668474
numpy,2,product,19,100,9,mle,0.975190170429701,0.09659910111018775,0.959711682628876,2.856334384258935e-16,0.06447375001152977
numpy,2,product,19,500,9,linear,1.0,0.0647330629281476,1.044788,-0.04795681680175478,0.0003222920058760792
numpy,2,product,19,500,9,projected,0.9987182632270399,0.02980108211964626,0.998324588823437,-3.78869486818441e-18,0.0001319579896517098
numpy,2,product,19,500,9,low_rank,0.9995562152921661,0.029792342535919683,0.9999999999999994,-4.116399171606658e-17,0.00011783299851231277
numpy,2,product,19,500,9,shrinkage,0.9372231185681191,0.08237047087348344,0.8812310874804089,-1.0924331213666249e-17,0.00017899999511428177
numpy,2,product,19,500,9,mle,0.9911687409756275,0.026070824141323706,0.9830171380104491,4.6804934639100643e-14,0.06384725001407787
numpy,2,product,20,100,9,linear,1.0,0.21320029088213174,1.1400000000000001,-0.07666617982385439,0.0003218339988961816
numpy,2,product,20,100,9,projected,0.984110897631978,0.17826444400062263,1.000000000000002,-3.2508232241761595e-17,0.00013083399971947074
numpy,2,product,20,100,9,low_rank,0.984110897631978,0.17826444400062263,1.000000000000002,-3.2508232241761595e-17,0.0001202919811476022
numpy,2,product,20,100,9,shrinkage,0.9496068400620511,0.18118679668572185,0.9320423123426497,-1.3203006961374413e-17,0.00017949999892152846
numpy,2,product,20,100,9,mle,0.9959765318983451,0.08970482396290172,0.9999999999828774,5.869610411367765e-15,0.02172083398909308
numpy,2,product,20,500,9,linear,0.9990146146353662,0.04430330708015735,0.9999919999999998,-0.014553984757471702,0.0003191250143572688
numpy,2,product,20,500,9,projected,0.9924065933236254,0.040737013190720824,0.986472679289812,-2.3786647575473965e-17,0.00015624999650754035
numpy,2,product,20,500,9,low_rank,0.9992063761818951,0.039840334687296815,0.9999999999999996,-1.7123378694008308e-17,0.00013829197268933058
numpy,2,product,20,500,9,shrinkage,0.9241131602645141,0.09626642569668216,0.8574935199999998,0.011901413718275543,0.00018075000843964517
numpy,2,product,20,500,9,mle,0.9981388505601538,0.03703008045007916,0.9976488851817971,1.8645278026459463e-15,0.06434041701140814
numpy,2,product,21,100,9,linear,1.0,0.15667282934699242,1.0695999999999999,-0.05007311443960829,0.0003219580103177577
numpy,2,product,21,100,9,projected,0.9787614966262729,0.12452294851827911,0.9730289134963556,-1.0587221461801105e-16,0.00013275002129375935
numpy,2,product,21,100,9,low_rank,0.9923076891635251,0.12403492565470951,1.0000000000000004,-4.294811112293061e-18,0.00011733398423530161
numpy,2,product,21,100,9,shrinkage,0.9305779429115387,0.1483158223060772,0.8831534199320488,-4.8049635208763796e-17,0.00017929199384525418
numpy,2,product,21,100,9,mle,0.998262698428079,0.05856306385894629,0.9999549555553304,9.179386190456292e-18,0.0642926250002347
numpy,2,product,21,500,9,linear,0.9976583792953001,0.0793175128449232,1.0016079999999998,-0.04476424276024176,0.0003249589935876429
numpy,2,product,21,500,9,projected,0.9772674289703674,0.058337077539789464,0.9579380359584191,-1.4427477810898346e-16,0.00012974999845027924
numpy,2,product,21,500,9,low_rank,0.9987183960428241,0.05062826915087668,1.0000000000000009,-1.0321993738857336e-17,0.00011779199121519923
numpy,2,product,21,500,9,shrinkage,0.9177998499914098,0.11269127247121838,0.848298977818514,-8.122116261602718e-17,0.00018012500368058681
numpy,2,product,21,500,9,mle,0.9918018183282137,0.03414869826772711,0.9847697330506485,8.943551735015172e-17,0.06438075000187382
numpy,2,product,22,100,9,linear,0.9885179077533008,0.1366170663829949,0.9956999999999999,-0.08391424949306749,0.0003261250094510615
numpy,2,product,22,100,9,projected,0.9605528643148695,0.09624296462024377,0.9303683653139742,3.6882916968542996e-17,0.0001340000017080456
numpy,2,product,22,100,9,low_rank,0.996306466899539,0.08594820198335348,0.9999999999999996,-1.5104129481467305e-16,0.00011912500485777855
numpy,2,product,22,100,9,shrinkage,0.8978289996192862,0.14585519761143642,0.8169317092376543,3.363663209574353e-17,0.00018004098092205822
numpy,2,product,22,100,9,mle,0.9832982536259177,0.07927100220068903,0.9728803274507858,1.9137352801139572e-16,0.0638571250019595
numpy,2,product,22,500,9,linear,0.9812324386070834,0.07073295608756605,0.9674679999999998,-0.01581029972851304,0.00032137500238604844
numpy,2,product,22,500,9,projected,0.972651231160771,0.06764580067389153,0.9498784059032332,-5.995566868724795e-17,0.00012916600098833442
numpy,2,product,22,500,9,low_rank,0.9983159190882058,0.05803626400289227,1.0000000000000002,-3.1885349650714465e-17,0.00011637498391792178
numpy,2,product,22,500,9,shrinkage,0.908109212860878,0.12219130889387017,0.8311490799999973,0.010770730244338417,0.00017775001469999552
numpy,2,product,22,500,9,mle,0.9943158175526595,0.02718456565127852,0.9893706129297889,4.578702296683554e-16,0.06387354197795503
numpy,2,product,23,100,9,linear,1.0,0.14327502310841422,1.1085,-0.09211924030304006,0.00032550000469200313
numpy,2,product,23,100,9,projected,0.9963631664635832,0.08528607628572532,1.0000000000000009,-1.3942743561241825e-17,0.00013237498933449388
numpy,2,product,23,100,9,low_rank,0.9963631664635832,0.08528607628572532,1.0000000000000009,-1.3942743561241825e-17,0.0001221249985974282
numpy,2,product,23,100,9,shrinkage,0.9453762826641082,0.10750144883575162,0.9023091127809618,-3.153559728892324e-17,0.0001835830044001341
numpy,2,product,23,100,9,mle,0.9968583874647438,0.07926685079790412,0.9999999999979445,9.711245763143108e-15,0.017523374990560114
numpy,2,product,23,500,9,linear,0.999804311409286,0.05726598970239563,1.002888,-0.029122362188414283,0.0003198749909643084
numpy,2,product,23,500,9,projected,0.9810823973716981,0.04070491869434122,0.9638216574950396,-3.6836475190601864e-17,0.00012612499995157123
numpy,2,product,23,500,9,low_rank,0.9994938440293001,0.03181770506589445,1.0000000000000004,-5.452532648958817e-18,0.00011645798804238439
numpy,2,product,23,500,9,shrinkage,0.924420510591709,0.10094341914525173,0.8590305768138022,-1.0714205407456853e-16,0.0001790410024113953
numpy,2,product,23,500,9,mle,0.9903276793478842,0.0313452600943919,0.9816378565925818,2.926419916664672e-15,0.06386562500847504
numpy,2,product,24,100,9,linear,1.0,0.161115616743786,1.1787,-0.09356329668614324,0.00032087499857880175
numpy,2,product,24,100,9,projected,0.9955469497759031,0.09437242900859742,1.0000000000000002,-1.2563773250572072e-16,0.0001323329925071448
numpy,2,product,24,100,9,low_rank,0.9955469497759031,0.09437242900859742,1.0000000000000002,-1.2563773250572072e-16,0.00011570798233151436
numpy,2,product,24,100,9,shrinkage,0.9719225578856362,0.09886605504735058,0.9536195651083476,-5.360516654379791e-17,0.00017962499987334013
numpy,2,product,24,100,9,mle,0.9980409384661156,0.06259544825693232,0.999999999998096,7.681164287654984e-14,0.014321875001769513
numpy,2,product,24,500,9,linear,1.0,0.08594324475701072,1.008648,-0.036437334064676426,0.00031908400706015527
numpy,2,product,24,500,9,projected,0.9816018724572698,0.0722364153933045,0.9684217745906339,-1.4000645977784329e-18,0.0001260839926544577
numpy,2,product,24,500,9,low_rank,0.9975980551264614,0.0693103668070529,1.0000000000000016,-2.358084337966568e-17,0.00011629200889728963
numpy,2,product,24,500,9,shrinkage,0.9229759232711534,0.11522311519648716,0.8592281592795707,4.959202563260039e-17,0.0001825840154197067
numpy,2,product,24,500,9,mle,0.9887886123134393,0.05068047396080484,0.9801457241154916,6.630062766365767e-17,0.06397337498492561
numpy,2,product,25,100,9,linear,1.0,0.14639628846197603,1.0705,-0.0794857693459154,0.0003242089878767729
numpy,2,product,25,100,9,projected,0.9862123336369288,0.10564808089108486,0.9835861440119178,-4.408115034384994e-17,0.00013349999790079892
numpy,2,product,25,100,9,low_rank,0.9944292866704776,0.10555318174656182,0.999999999999999,-5.3999574786213436e-17,0.00011908399756066501
numpy,2,product,25,100,9,shrinkage,0.9318116254497282,0.13064973114737827,0.8806925913557455,5.82738641980525e-17,0.00018041700241155922
numpy,2,product,25,100,9,mle,0.9869267306897912,0.07585496946593005,0.9796073930130424,-1.4990586750959773e-16,0.05733587499707937
numpy,2,product,25,500,9,linear,0.9860230699632746,0.0782170069459493,0.978164,-0.022551871977700876,0.000339917023666203
numpy,2,product,25,500,9,projected,0.9756298446202961,0.07310394848197523,0.9566038308093681,-1.4056208397286265e-17,0.00012854099622927606
numpy,2,product,25,500,9,low_rank,0.9977494083625328,0.06709127893508304,1.0000000000000004,-1.4016953395477348e-16,0.0001154160127043724
numpy,2,product,25,500,9,shrinkage,0.9124207726849013,0.12235746874639242,0.83981284,0.004703315220069721,0.00017891600145958364
numpy,2,product,25,500,9,mle,0.9876504417049421,0.04418049032544006,0.9772527923434894,-1.0070676342452732e-16,0.06446970801334828
numpy,2,product,26,100,9,linear,0.9530685286131405,0.16113038042077646,0.9320999999999999,-0.058836392770930564,0.0003236250195186585
numpy,2,product,26,100,9,projected,0.9336871224708606,0.1445196213170339,0.888260110000319,8.711101148236624e-17,0.0001327499921899289
numpy,2,product,26,100,9,low_rank,0.992285595336112,0.1242128366788252,1.0000000000000004,-1.082449054307379e-16,0.00011812499724328518
numpy,2,product,26,100,9,shrinkage,0.8735536991822351,0.18898851594587984,0.7828240224335934,1.3341904601693665e-17,0.00018020800780504942
numpy,2,product,26,100,9,mle,0.9600472783843769,0.07120608528204012,0.9251648338095517,-1.6297906598510582e-16,0.06400033400859684
numpy,2,product,26,500,9,linear,1.0,0.0534499389228566,1.0098360000000002,-0.033375402196733024,0.0003242499951738864
numpy,2,product,26,500,9,projected,0.989324460771444,0.03597035548469894,0.9799427225615376,-1.7040012446817191e-16,0.00013116601621732116
numpy,2,product,26,500,9,low_rank,0.9994487777114132,0.03320401019458805,1.0000000000000016,-4.665225494169016e-17,0.00011812499724328518
numpy,2,product,26,500,9,shrinkage,0.9264625767643765,0.09565362136255127,0.862074745277561,5.111267923088307e-17,0.0001818329910747707
numpy,2,product,26,500,9,mle,0.9916710566300455,0.02562655868238654,0.9839987866573335,8.928418385005042e-15,0.06387174999690615
numpy,2,product,27,100,9,linear,1.0,0.20536855020679243,1.1113,-0.11993061642662309,0.00032095800270326436
numpy,2,product,27,100,9,projected,0.985076993394335,0.14375889738819944,0.9908205974138415,-6.143293048429763e-18,0.0001324159966316074
numpy,2,product,27,100,9,low_rank,0.9896240617645091,0.14405528141536772,1.0000000000000013,-1.8735596526941415e-17,0.00011850000009872019
numpy,2,product,27,100,9,shrinkage,0.9289606365785574,0.15896082998081587,0.8831897794859689,3.587183208911478e-17,0.00017904199194163084
numpy,2,product,27,100,9,mle,0.9910501092681461,0.08349162025120838,0.9890710572594656,1.5667548462986413e-15,0.06396933301584795
numpy,2,product,27,500,9,linear,1.0,0.07005463766404658,1.00686,-0.0352477796508439,0.0003379580157343298
numpy,2,product,27,500,9,projected,0.9869165446971381,0.056540089079701934,0.9770298172661768,-3.4596769118314596e-17,0.0001298749994020909
numpy,2,product,27,500,9,low_rank,0.9985156040859604,0.05448704290085919,0.9999999999999997,-2.4638034237789325e-17,0.00011695799184963107
numpy,2,product,27,500,9,shrinkage,0.9236381853841198,0.10600932503050275,0.858514333873938,-1.0598257702184776e-23,0.00017908299923874438
numpy,2,product,27,500,9,mle,0.9878628518891069,0.03391312495036822,0.9768757846128076,5.3001426067526894e-14,0.06445658300071955
numpy,2,product,28,100,9,linear,0.9648880846609464,0.11799935464946235,0.9437000000000002,-0.04747962326748,0.0003291670000180602
numpy,2,product,28,100,9,projected,0.9492473843253145,0.10269577485263706,0.9090411649875179,2.5080911251342686e-18,0.00013279198901727796
numpy,2,product,28,100,9,low_rank,0.9964797323988588,0.08390811200735152,1.0000000000000007,-4.8156698153277267e-17,0.00011779199121519923
numpy,2,product,28,100,9,shrinkage,0.8875581317429317,0.15665389536015317,0.7996566769732235,-2.612056077589044e-17,0.00017787498654797673
numpy,2,product,28,100,9,mle,0.9636783212722696,0.0885690167839058,0.9352010930166148,1.1561404336007838e-14,0.06369908299529925
numpy,2,product,28,500,9,linear,0.9913251482163394,0.05128086278919562,0.9852800000000003,-0.023226999252986123,0.0003364160074852407
numpy,2,product,28,500,9,projected,0.9800219720945008,0.04251587364707095,0.9618515303801105,-1.9355415721982425e-18,0.00013025000225752592
numpy,2,product,28,500,9,low_rank,0.9994639951243451,0.0327418889216515,1.0000000000000004,-1.9760474429368904e-17,0.00011729099787771702
numpy,2,product,28,500,9,shrinkage,0.9171926479657654,0.1057901422608171,0.8455767999999991,0.0040957006723125605,0.00018125001224689186
numpy,2,product,28,500,9,mle,0.9790842585599613,0.04070286917701993,0.9598252116778119,2.7487977594749784e-13,0.0644653330091387
numpy,2,product,29,100,9,linear,1.0,0.1380755314861048,1.0452000000000001,-0.07842904685586646,0.00032554101198911667
numpy,2,product,29,100,9,projected,0.977769340753145,0.0973345606169085,0.9650126778496032,-2.0147306570762834e-17,0.00013395800488069654
numpy,2,product,29,100,9,low_rank,0.9954983695553117,0.09488560186348863,0.9999999999999989,-4.725357187774129e-17,0.00011970900231972337
numpy,2,product,29,100,9,shrinkage,0.9217739595851796,0.13191872351435863,0.8609504434091877,-4.7812768695253674e-18,0.00018049997743219137
numpy,2,product,29,100,9,mle,0.9907793964923783,0.08706504981563486,0.9891390974992202,4.0211791267528193e-16,0.06462608301080763
numpy,2,product,29,500,9,linear,1.0,0.07213811953207262,1.0132759999999996,-0.02735728537346991,0.0003243749961256981
numpy,2,product,29,500,9,projected,0.988163098642921,0.06243851642410469,0.9802247253513493,-7.641452255480497e-17,0.0001312500098720193
numpy,2,product,29,500,9,low_rank,0.9981201417783175,0.061316681111616214,1.0000000000000009,-6.457423877331776e-18,0.00011658298899419606
numpy,2,product,29,500,9,shrinkage,0.9286324524604758,0.10482689283128288,0.8682535599999996,0.00037844316387704004,0.00017912499606609344
numpy,2,product,29,500,9,mle,0.9882530298857755,0.040647028063064285,0.9781582157792218,1.2926338554878091e-14,0.06405941699631512
numpy,2,haar,0,100,9,linear,0.9711243386409831,0.1932650115313923,0.9796,-0.07869768846513477,0.00032237498089671135
numpy,2,haar,0,100,9,projected,0.9259777977811899,0.16361117612623047,0.8787241932037642,-1.7890939652555921e-16,0.00012858302216045558
numpy,2,haar,0,100,9,low_rank,0.9895018442075427,0.1449011345105233,0.9999999999999997,-7.387036874967579e-17,0.00011683398042805493
numpy,2,haar,0,100,9,shrinkage,0.8833468285004193,0.20018234164516194,0.8067665964950492,1.8798092471219834e-18,0.00017783298972062767
numpy,2,haar,0,100,9,mle,0.985697301328028,0.07580320549634507,0.9771406745633705,-6.036840635145217e-17,0.06437787500908598
numpy,2,haar,0,500,9,linear,1.0,0.09017223914667766,1.035476,-0.039260678517396855,0.00032479199580848217
numpy,2,haar,0,500,9,projected,0.9817661850960301,0.06116534823505249,0.9672735334437274,4.130542291874228e-18,0.00013270799536257982
numpy,2,haar,0,500,9,low_rank,0.9983780180219013,0.05695602169325406,1.0000000000000002,-1.0942405606353016e-16,0.00011820899089798331
numpy,2,haar,0,500,9,shrinkage,0.9335123660875569,0.10708343122128777,0.8784915620894186,-7.011455868939383e-17,0.00017987500177696347
numpy,2,haar,0,500,9,mle,0.9869877052158308,0.045392814247782035,0.9760358531233617,1.5244576889325765e-16,0.06452108398661949
numpy,2,haar,1,100,9,linear,0.9988053262616446,0.12525734895076956,1.0132999999999999,-0.056292756973254685,0.0003215420001652092
numpy,2,haar,1,100,9,projected,0.9572116507976304,0.08938545380021587,0.9224130082271609,-2.194087051942671e-18,0.0001307500060647726
numpy,2,haar,1,100,9,low_rank,0.9975168737116688,0.07047209661001735,1.0000000000000013,-4.509477851523977e-17,0.00011991700739599764
numpy,2,haar,1,100,9,shrinkage,0.9113939095333342,0.1391644872611218,0.8421545366639992,-1.3480165881061924e-16,0.00018641698989085853
numpy,2,haar,1,100,9,mle,0.955431983418303,0.07885909661458403,0.917082705038551,4.10318204955833e-17,0.06466637502308004
numpy,2,haar,1,500,9,linear,0.9882607122200372,0.07404460983610882,0.982004,-0.031194416331190366,0.0003234999894630164
numpy,2,haar,1,500,9,projected,0.9733899880348315,0.06292964969841217,0.9507401129691314,-1.0813932468421838e-16,0.0001351670071016997
numpy,2,haar,1,500,9,low_rank,0.9986231682729032,0.0524756834606752,1.0000000000000004,-3.24245856967069e-17,0.00011758299660868943
numpy,2,haar,1,500,9,shrinkage,0.9134137721311321,0.11846155962981784,0.8408606495754274,4.9427841014409646e-17,0.00018008300685323775
numpy,2,haar,1,500,9,mle,0.9752180947292038,0.04381794772248298,0.9523561609417491,6.874701404622915e-14,0.06479370899614878
numpy,2,haar,2,100,9,linear,0.9514659063587271,0.12069882097246176,0.9175000000000001,-0.03154371988404797,0.00033045801683329046
numpy,2,haar,2,100,9,projected,0.9362574938330496,0.1142274976987915,0.8855628856659495,-8.546188921750553e-18,0.0001327499921899289
numpy,2,haar,2,100,9,low_rank,0.9968724540969818,0.07908928932602384,1.0000000000000002,0.0,0.0001176249934360385
numpy,2,haar,2,100,9,shrinkage,0.8801915814478415,0.16738272337474877,0.7884001178306949,2.4345762435143812e-17,0.0001788749941624701
numpy,2,haar,2,100,9,mle,0.9589996590846352,0.11703573983184912,0.9316966675904875,1.6591546343413083e-15,0.06452700000954792
numpy,2,haar,2,500,9,linear,0.9801199377088444,0.08720176918744606,0.9678439999999999,-0.0403856327977078,0.0003224580141250044
numpy,2,haar,2,500,9,projected,0.9657975301433835,0.07336025978537264,0.9369767516255698,9.142866559431266e-18,0.0001319579896517098
numpy,2,haar,2,500,9,low_rank,0.9982788855062693,0.05867073697497311,1.000000000000002,-2.7300805277052663e-17,0.00011912500485777855
numpy,2,haar,2,500,9,shrinkage,0.9033313546203823,0.13059314214548026,0.8237172523391838,-1.3900824329359862e-17,0.00017883299733512104
numpy,2,haar,2,500,9,mle,0.9839364094534742,0.0325842739149454,0.9689344890239495,6.511836527512612e-15,0.06433887500315905
numpy,2,haar,3,100,9,linear,1.0,0.2632469263857305,1.2826999999999997,-0.12351150767618914,0.0003257080097682774
numpy,2,haar,3,100,9,projected,0.9833623323426469,0.18241534407001073,0.9999999999999996,-6.599151175724413e-17,0.00013295799726620317
numpy,2,haar,3,100,9,low_rank,0.9833623323426469,0.18241534407001073,0.9999999999999996,-6.599151175724413e-17,0.00011854199692606926
numpy,2,haar,3,100,9,shrinkage,0.977834615109485,0.18161696615926257,0.988653937581396,-5.255967612888532e-19,0.0001800419995561242
numpy,2,haar,3,100,9,mle,0.9957895808105789,0.09176520182025548,0.9999999999970679,2.0512239041790676e-14,0.020428165997145697
numpy,2,haar,3,500,9,linear,1.0,0.10020817272238398,1.039184,-0.03353394943154473,0.00035570800537243485
numpy,2,haar,3,500,9,projected,0.9959474127627055,0.09002890061926658,1.0000000000000004,-7.95929757029683e-17,0.00015304199769161642
numpy,2,haar,3,500,9,low_rank,0.9959474127627055,0.09002890061926658,1.0000000000000004,-7.95929757029683e-17,0.00012162502389401197
numpy,2,haar,3,500,9,shrinkage,0.9363948971295731,0.11384105218844551,0.8857495528146639,-1.488231141642225e-17,0.00018354097846895456
numpy,2,haar,3,500,9,mle,0.9992654697728319,0.03832837285375721,0.9999999999952238,3.921611402361048e-13,0.016736249992391095
numpy,2,haar,4,100,9,linear,0.9992422067991381,0.21240432632784062,1.0435999999999999,-0.08131780367678791,0.0003237500204704702
numpy,2,haar,4,100,9,projected,0.9555428388870366,0.18030293669909753,0.9435948057706949,-2.430322550388814e-17,0.00012741697719320655
numpy,2,haar,4,100,9,low_rank,0.9841146838765242,0.17824323753629434,1.0000000000000018,-1.3540327965383554e-17,0.00011541700223460793
numpy,2,haar,4,100,9,shrinkage,0.9083928404631814,0.2020160579272933,0.8575961273374653,-6.0031521206474895e-21,0.00018216599710285664
numpy,2,haar,4,100,9,mle,0.9398332050837617,0.12522184125588537,0.8953468966687645,4.507129773229422e-14,0.06550370799959637
numpy,2,haar,4,500,9,linear,1.0,0.10093540593818126,1.082924,-0.05650311241683818,0.0003258340002503246
numpy,2,haar,4,500,9,projected,0.9976949915838663,0.06789741116001366,1.0000000000000002,-4.9718539625020246e-17,0.00013141700765118003
numpy,2,haar,4,500,9,low_rank,0.9976949915838663,0.06789741116001366,1.0000000000000002,-4.9718539625020246e-17,0.00011866699787788093
numpy,2,haar,4,500,9,shrinkage,0.9491343451136312,0.09095833290922804,0.9065420827784265,5.801735259251878e-17,0.0001811669790185988
numpy,2,haar,4,500,9,mle,0.9988871310798677,0.047177932239159566,0.9999999999967671,1.9367597193411033e-13,0.018040541996015236
numpy,2,haar,5,100,9,linear,0.9351262859665828,0.1914352066122565,0.9068999999999999,-0.06650429736035252,0.00032383299549110234
numpy,2,haar,5,100,9,projected,0.891822729041164,0.16584084764873566,0.8111485994954238,3.3975612051322025e-18,0.00012979100574739277
numpy,2,haar,5,100,9,low_rank,0.9970071875010605,0.07736707276828106,1.0000000000000002,-2.712387908904819e-17,0.00011775002349168062
numpy,2,haar,5,100,9,shrinkage,0.8525241938028526,0.2167533069616495,0.7520303655912923,-5.269929751400836e-17,0.00017979199765250087
numpy,2,haar,5,100,9,mle,0.9453875800808715,0.10027372843709094,0.9008299387115776,8.39034538668169e-16,0.06451350002316758
numpy,2,haar,5,500,9,linear,1.0,0.0739561461147992,1.0235239999999999,-0.04003754871918076,0.00032500000088475645
numpy,2,haar,5,500,9,projected,0.9798342115380565,0.0422141912971488,0.9614504318130837,2.116363384836787e-17,0.0001336249988526106
numpy,2,haar,5,500,9,low_rank,0.999483046163247,0.0321554494480092,0.9999999999999996,-1.299766953636531e-16,0.0001188750029541552
numpy,2,haar,5,500,9,shrinkage,0.9294472210841759,0.10070664908886241,0.8690362512929386,2.0433633847147954e-17,0.00018508298671804368
numpy,2,haar,5,500,9,mle,0.9903672090428896,0.045970569581543407,0.9828476500919874,2.8833028677134295e-15,0.06480445800116286
numpy,2,haar,6,100,9,linear,0.9802851631608914,0.1386713285979653,0.9798,-0.03891548045699277,0.00032333299168385565
numpy,2,haar,6,100,9,projected,0.9588302937911201,0.1278013085090063,0.9339937042974975,-1.2354556761111851e-17,0.0001315420086029917
numpy,2,haar,6,100,9,low_rank,0.9926321870552358,0.12139055391104484,0.9999999999999994,-8.634693700282741e-17,0.00011941700358875096
numpy,2,haar,6,100,9,shrinkage,0.9039575811307684,0.16250004364521076,0.8343214060978228,8.150098001879501e-17,0.00018224999075755477
numpy,2,haar,6,100,9,mle,0.9735634530067524,0.07260024595035677,0.9523976744067679,1.209781488356407e-16,0.065169874986168
numpy,2,haar,6,500,9,linear,0.9889387437284666,0.066862193732723,0.9823479999999999,-0.0381606384348202,0.00032758398447185755
numpy,2,haar,6,500,9,projected,0.9762490212957879,0.049678082029811686,0.9549659286091149,-8.707393444060717e-18,0.0001332090178038925
numpy,2,haar,6,500,9,low_rank,0.9992685541038424,0.03824798266257315,0.9999999999999996,-1.9544898073047604e-16,0.00011874997289851308
numpy,2,haar,6,500,9,shrinkage,0.911937468785323,0.11393337236879403,0.8368557355067163,-1.7053536557422613e-17,0.00018320902017876506
numpy,2,haar,6,500,9,mle,0.9858945770570743,0.036570744236193393,0.973126514652505,1.5727053961061663e-15,0.06475966598372906
numpy,2,haar,7,100,9,linear,1.0,0.16006511125320827,1.0683000000000002,-0.10487606924052637,0.00032483399263583124
numpy,2,haar,7,100,9,projected,0.9716997231001692,0.09734413781610597,0.952875284567132,-4.003379812945788e-17,0.00013079200289212167
numpy,2,haar,7,100,9,low_rank,0.9956526227596394,0.09324593685439235,1.0,-5.3027013562815846e-17,0.0001178339880425483
numpy,2,haar,7,100,9,shrinkage,0.921121084137148,0.1337991330197882,0.8601443468521592,-7.94569166717025e-17,0.00018008300685323775
numpy,2,haar,7,100,9,mle,0.9923847137426474,0.049202020109632184,0.9871902062043911,1.099551979812794e-16,0.06547658299678005
numpy,2,haar,7,500,9,linear,1.0,0.05968029390131436,1.011484,-0.03548034209333104,0.0003330000035930425
numpy,2,haar,7,500,9,projected,0.9886335673376705,0.04248885970475303,0.9790723837150359,-1.0436131904389476e-16,0.00013604099513031542
numpy,2,haar,7,500,9,low_rank,0.9991932315276627,0.04016930073745396,1.0000000000000013,-6.948074380391774e-17,0.000134292000439018
numpy,2,haar,7,500,9,shrinkage,0.9262545203663574,0.09801748869462502,0.86211642555387,6.06530706542998e-17,0.00020445900736376643
numpy,2,haar,7,500,9,mle,0.9947355537869099,0.051047307502206825,0.9920768953875925,2.0233050246538596e-14,0.06501254098839127
numpy,2,haar,8,100,9,linear,1.0,0.113469756650862,1.0388,-0.045609229644714165,0.0003329580067656934
numpy,2,haar,8,100,9,projected,0.9744723818237921,0.08006029675024634,0.9553543738350191,-1.192291077609399e-16,0.00013345800107344985
numpy,2,haar,8,100,9,low_rank,0.9972515712499193,0.0741409423814546,1.0,-1.8919594561009457e-17,0.00011941700358875096
numpy,2,haar,8,100,9,shrinkage,0.9268936501584638,0.1226775749424293,0.8688370428063652,-1.118156425477301e-16,0.0001848749816417694
numpy,2,haar,8,100,9,mle,0.9776168942029081,0.11969006502339051,0.9695594125849303,8.9468758815556e-18,0.06440933301928453
numpy,2,haar,8,500,9,linear,0.9990217657519322,0.07759208052143886,1.0040639999999998,-0.04029802566686383,0.00032620798447169363
numpy,2,haar,8,500,9,projected,0.9760437299443909,0.05670299075190254,0.955302652901661,-1.4594183445861444e-17,0.00013470801059156656
numpy,2,haar,8,500,9,low_rank,0.9988809792741694,0.04730828677709796,1.0,-6.926578784757594e-17,0.00012112499098293483
numpy,2,haar,8,500,9,shrinkage,0.920373600769574,0.11119006756128873,0.853110394130769,1.1884446708617762e-18,0.00018191701383329928
numpy,2,haar,8,500,9,mle,0.9794191614924189,0.04558362872141572,0.9609161147094172,1.1504475625243994e-14,0.0645819159981329
numpy,2,haar,9,100,9,linear,1.0,0.14446247558321282,1.0707999999999998,-0.06128647788356292,0.0003242919920012355
numpy,2,haar,9,100,9,projected,0.9910094453686037,0.11987892454725692,0.9963897867245576,-9.645827465441137e-18,0.00013541599037125707
numpy,2,haar,9,100,9,low_rank,0.9927960115848273,0.12003336507972416,0.9999999999999997,-1.1296229509453502e-16,0.00011933399946428835
numpy,2,haar,9,100,9,shrinkage,0.9374788257227648,0.13628107194230482,0.8935301203151269,-1.3234285371293818e-16,0.00018179102335125208
numpy,2,haar,9,100,9,mle,0.996094827505242,0.08785242033152749,0.999907685161606,4.506438928399329e-17,0.06383358300081454
numpy,2,haar,9,500,9,linear,0.986609960473599,0.06115657374097946,0.97696,-0.02555369249062717,0.0003294580092187971
numpy,2,haar,9,500,9,projected,0.9761376108353008,0.05289382731344915,0.9550728857285191,-3.3484568825581276e-17,0.0001328329963143915
numpy,2,haar,9,500,9,low_rank,0.9991039656067258,0.04233326897454996,1.0000000000000009,-1.156257046295555e-16,0.00011920800898224115
numpy,2,haar,9,500,9,shrinkage,0.9129489792321891,0.11375286308732,0.8388375999999977,0.0020016767584353557,0.00018237499170936644
numpy,2,haar,9,500,9,mle,0.9866336879912688,0.04195336164719988,0.9750274267796353,1.3078534964360289e-15,0.063687125017168
numpy,2,haar,10,100,9,linear,0.9775955268310251,0.15655341106602405,0.9797,-0.07075210235599767,0.00032462499802932143
numpy,2,haar,10,100,9,projected,0.9343802732434249,0.12128423785860261,0.8834703691019808,-9.700492998010791e-17,0.00013045797822996974
numpy,2,haar,10,100,9,low_rank,0.9962500540768114,0.08660227266947342,0.9999999999999989,-1.0901700724135885e-16,0.00011874997289851308
numpy,2,haar,10,100,9,shrinkage,0.8907720505714364,0.17049028197503202,0.8106109989726062,-6.5692304307490344e-18,0.00018204201478511095
numpy,2,haar,10,100,9,mle,0.9862333050093574,0.03948843628128332,0.9740259220721659,8.667150424393318e-16,0.06373100000200793
numpy,2,haar,10,500,9,linear,0.9805810820348239,0.09296163330966302,0.9698040000000001,-0.0297048243358498,0.0003227920096833259
numpy,2,haar,10,500,9,projected,0.9612122490637565,0.08235542879245275,0.929206855891458,-8.350886427602801e-17,0.00013070798013359308
numpy,2,haar,10,500,9,low_rank,0.9978595202738225,0.06542941366758402,1.0000000000000004,-1.2640431032232507e-16,0.00012129099923186004
numpy,2,haar,10,500,9,shrinkage,0.9069475473377466,0.13411172759640053,0.8318810014760449,6.26324014757653e-17,0.00018216599710285664
numpy,2,haar,10,500,9,mle,0.9813991010347844,0.052599619342305254,0.9655648720139611,5.519985285666332e-16,0.0636453749903012
numpy,2,haar,11,100,9,linear,1.0,0.11905537523613548,1.0387,-0.056700168671598584,0.00035033401218242943
numpy,2,haar,11,100,9,projected,0.9753070737979687,0.08691337553384033,0.9581680551458576,1.713957895020037e-18,0.00013012500130571425
numpy,2,haar,11,100,9,low_rank,0.9965738283302655,0.08277890921241496,1.0000000000000004,-4.895374870775647e-17,0.00011837499914690852
numpy,2,haar,11,100,9,shrinkage,0.927419133539319,0.1255066056448302,0.8705901403930916,6.3267611954905875e-18,0.00018145798821933568
numpy,2,haar,11,100,9,mle,0.9974507423449888,0.06522890027952005,0.9991562640690859,9.15901973308232e-17,0.06361620800453238
numpy,2,haar,11,500,9,linear,1.0,0.07933247348169442,1.0125160000000002,-0.0157154856011809,0.0003542920167092234
numpy,2,haar,11,500,9,projected,0.9900794756708227,0.07404069473853656,0.9856409628305471,-3.4405107900581097e-17,0.0001467500114813447
numpy,2,haar,11,500,9,low_rank,0.997286397188217,0.07366976350766603,1.000000000000001,-4.177460932935853e-18,0.00012066701310686767
numpy,2,haar,11,500,9,shrinkage,0.9278000670514408,0.10971707804098402,0.8676379600000004,0.010856062958937231,0.00018525001360103488
numpy,2,haar,11,500,9,mle,0.9788347428542167,0.04931577847705887,0.9601014947808305,5.601741650131524e-13,0.06501974997809157
numpy,2,haar,12,100,9,linear,0.9977876244957977,0.12893720565533,1.0122,-0.06024596417165107,0.00033008301397785544
numpy,2,haar,12,100,9,projected,0.9614205217296832,0.09874177864872435,0.9325909673257232,-2.1222355685837382e-17,0.00013241698616184294
numpy,2,haar,12,100,9,low_rank,0.9961670650631611,0.08755517552019121,0.9999999999999996,-1.1524657599460253e-16,0.00011929200263693929
numpy,2,haar,12,100,9,shrinkage,0.9133298653111849,0.14178462940293046,0.8467625703857518,-5.833866513303698e-17,0.00018354199710302055
numpy,2,haar,12,100,9,mle,0.9851862538332494,0.08907123931629315,0.9783061604120742,1.3308834356946096e-16,0.06462020898470655
numpy,2,haar,12,500,9,linear,0.9891949432207646,0.06801562506829671,0.9830159999999998,-0.020445220131225454,0.0003312080225441605
numpy,2,haar,12,500,9,projected,0.9823867915025196,0.06367876783125298,0.9688285105442304,-4.1259780393689947e-17,0.00013633299386128783
numpy,2,haar,12,500,9,low_rank,0.998167985487541,0.060531518733796974,1.0000000000000004,-1.1314115655548147e-16,0.00012062498717568815
numpy,2,haar,12,500,9,shrinkage,0.9152754669988915,0.11485674872678545,0.8437429600000009,0.006599301881897172,0.0001840410113800317
numpy,2,haar,12,500,9,mle,0.9796424830619752,0.05788531201699426,0.9626356281563315,9.576410557340538e-14,0.0637744170089718
numpy,2,haar,13,100,9,linear,1.0,0.15860427951318304,1.113,-0.06388606520777289,0.0003400830028112978
numpy,2,haar,13,100,9,projected,0.9917502175950773,0.12845077952172482,0.9999999999999996,-1.175157248533295e-16,0.00013545798719860613
numpy,2,haar,13,100,9,low_rank,0.9917502175950773,0.12845077952172482,0.9999999999999996,-1.175157248533295e-16,0.00012079099542461336
numpy,2,haar,13,100,9,shrinkage,0.9538715506621617,0.13495872284565338,0.925956914447185,2.450490243796316e-17,0.00018354097846895456
numpy,2,haar,13,100,9,mle,0.9911932218467125,0.1327163458669126,0.9999999999931733,1.6337414602373087e-13,0.015691834007157013
numpy,2,haar,13,500,9,linear,0.9889513028493622,0.08003395876940014,0.984308,-0.03696946243401208,0.0003292500041425228
numpy,2,haar,13,500,9,projected,0.9766675483248043,0.06711418484466572,0.957839370173779,-6.044674400308526e-17,0.000139000010676682
numpy,2,haar,13,500,9,low_rank,0.9981551153404462,0.06074384898459875,0.9999999999999999,-8.732210003787788e-17,0.00012637500185519457
numpy,2,haar,13,500,9,shrinkage,0.9123074766357377,0.1206991817210094,0.8391832231740947,-2.1878542221915325e-17,0.0002680830075405538
numpy,2,haar,13,500,9,mle,0.9874386811709144,0.04301931116469932,0.9767279968975524,3.871708507735933e-15,0.06447558299987577
numpy,2,haar,14,100,9,linear,0.9667794042925629,0.15537439097521769,0.9577,-0.09542860407551014,0.0004210420011077076
numpy,2,haar,14,100,9,projected,0.9350560634939895,0.10875058168723961,0.8819387726485937,1.5821080637462258e-17,0.00016475000302307308
numpy,2,haar,14,100,9,low_rank,0.9972570807488145,0.07406656496167227,1.0000000000000009,-4.2078352909918965e-17,0.00012320798123255372
numpy,2,haar,14,100,9,shrinkage,0.87486120636732,0.16727626833857123,0.7777037391786947,-9.17223806149973e-18,0.00018500001169741154
numpy,2,haar,14,100,9,mle,0.9607965967589941,0.09671739447290391,0.9309474184879931,-8.910125561581742e-17,0.06420966700534336
numpy,2,haar,14,500,9,linear,1.0,0.08787205243123315,1.0162080000000002,-0.04352235738654452,0.0003367500030435622
numpy,2,haar,14,500,9,projected,0.9795636232950775,0.06640091740196644,0.9635362808492103,-4.028904311854432e-17,0.0001423330104444176
numpy,2,haar,14,500,9,low_rank,0.9980956802283498,0.06171457241025544,1.0000000000000009,-7.949746480088224e-17,0.00012200002674944699
numpy,2,haar,14,500,9,shrinkage,0.9241133939506738,0.11263768467886874,0.8609140091047189,-2.298898299250698e-17,0.00018524998449720442
numpy,2,haar,14,500,9,mle,0.9856914170288607,0.05175114212880716,0.9740609735573518,1.56911835568647e-13,0.0636890419991687
numpy,2,haar,15,100,9,linear,0.9650199326024961,0.10129261023468754,0.9403,-0.038037723390760544,0.00040587500552646816
numpy,2,haar,15,100,9,projected,0.9455234692842677,0.08944944548539485,0.8990481165082659,-7.068075252473856e-17,0.00015300000086426735
numpy,2,haar,15,100,9,low_rank,0.9987710624421615,0.04957712896470408,1.0000000000000013,-5.489576878174046e-17,0.00012208300177007914
numpy,2,haar,15,100,9,shrinkage,0.8904404488226884,0.14829872229269148,0.802873344829511,2.3469965626202886e-17,0.00018295898917131126
numpy,2,haar,15,100,9,mle,0.9670765696735962,0.0880561437271875,0.9419069491203931,4.404705837598755e-15,0.06471841601887718
numpy,2,haar,15,500,9,linear,1.0,0.08528753868723583,1.0522359999999997,-0.05327772093658331,0.00033720798091962934
numpy,2,haar,15,500,9,projected,0.9864464886091034,0.03804972596675706,0.9743407134576059,1.9309626290457476e-17,0.00014024999109096825
numpy,2,haar,15,500,9,low_rank,0.9994341302754765,0.03364196215301854,1.0000000000000007,-5.560602401336774e-17,0.00013045797822996974
numpy,2,haar,15,500,9,shrinkage,0.9375839351162782,0.0929574870891571,0.8838089272355265,-7.684410111501103e-17,0.0001881660136859864
numpy,2,haar,15,500,9,mle,0.9911194415990436,0.029640036205298658,0.98311734702978,6.4195575498365245e-15,0.06460812501609325
numpy,2,haar,16,100,9,linear,1.0,0.19668495776903894,1.0822,-0.08558170174712397,0.0003334999782964587
numpy,2,haar,16,100,9,projected,0.9592825185924334,0.14531386788836995,0.9396811067951575,-5.532362274825253e-18,0.00013904200750403106
numpy,2,haar,16,100,9,low_rank,0.9898849613751591,0.14223251399149384,1.0,-1.553000978899114e-16,0.00012841698480769992
numpy,2,haar,16,100,9,shrinkage,0.9131875944941563,0.17252989027387713,0.8561416965040778,3.016451470241602e-18,0.00019558300846256316
numpy,2,haar,16,100,9,mle,0.9871155256992434,0.08302013744298116,0.9811233541428607,3.786024896089265e-17,0.06443091700202785
numpy,2,haar,16,500,9,linear,1.0,0.08252110288961216,1.0211359999999998,-0.03481402793308827,0.00033116701524704695
numpy,2,haar,16,500,9,projected,0.9887793680805208,0.06917721505389779,0.982344199173607,-2.0212782090335826e-19,0.00013770800433121622
numpy,2,haar,16,500,9,low_rank,0.9976640275371325,0.06835213848975566,1.0000000000000002,-1.4606865647883245e-16,0.0001209579932037741
numpy,2,haar,16,500,9,shrinkage,0.9293410723539264,0.10799454383748035,0.8703449403852648,-6.616533614736234e-17,0.00018391601042822003
numpy,2,haar,16,500,9,mle,0.9930703459552273,0.04791142319692584,0.9884361512848248,2.6570847499501512e-15,0.06436795799527317
numpy,2,haar,17,100,9,linear,0.9895127799005127,0.14203691389742998,0.9991999999999999,-0.04826769575807983,0.0003289590240456164
numpy,2,haar,17,100,9,projected,0.9656728612367803,0.1276265914915938,0.9476342496467492,-3.288000518622616e-17,0.00013104200479574502
numpy,2,haar,17,100,9,low_rank,0.9923255093055531,0.12389128320932395,1.0000000000000016,-6.265025153479118e-17,0.00011737499153241515
numpy,2,haar,17,100,9,shrinkage,0.9094446708922036,0.15879335284858964,0.8441046255338744,6.273704748677763e-17,0.00018291702144779265
numpy,2,haar,17,100,9,mle,0.9682332624646406,0.10889787193775097,0.9483252349261565,8.171419983259212e-15,0.0639824160025455
numpy,2,haar,17,500,9,linear,1.0,0.09009332451128949,1.0353239999999997,-0.05256271103950232,0.00032470800215378404
numpy,2,haar,17,500,9,projected,0.9865060767819593,0.06076924146900392,0.9767050282555784,-9.136129640363625e-17,0.00012983297347091138
numpy,2,haar,17,500,9,low_rank,0.9982667391161684,0.05887748786847612,0.9999999999999993,-2.4735339349942025e-16,0.00011795799946412444
numpy,2,haar,17,500,9,shrinkage,0.929838570082623,0.10440745333329718,0.8705780436928346,2.0822576447105584e-17,0.00018433298100717366
numpy,2,haar,17,500,9,mle,0.9990436288386408,0.022035904740914575,0.9985727943312066,6.439100199888051e-17,0.0645706670184154
numpy,2,haar,18,100,9,linear,0.9864997368790024,0.10392569822959162,0.9838,-0.016594451078622847,0.00032579200342297554
numpy,2,haar,18,100,9,projected,0.9778472923542886,0.10140632087120052,0.9659777732539996,-2.4973241160780076e-17,0.00013699999544769526
numpy,2,haar,18,100,9,low_rank,0.9950587762381704,0.09941073469348356,1.0000000000000009,-1.4511118069731687e-17,0.0001187919988296926
numpy,2,haar,18,100,9,shrinkage,0.912849773932514,0.1366692931029395,0.8443780000000011,0.010064994029239573,0.00018291702144779265
numpy,2,haar,18,100,9,mle,0.9843330290400396,0.08234596679917106,0.9754468984630158,1.006248999714636e-14,0.06468712500645779
numpy,2,haar,18,500,9,linear,0.9836529171583349,0.06655956958673936,0.9717360000000003,-0.023444164071248344,0.0003291670000180602
numpy,2,haar,18,500,9,projected,0.971135421915179,0.05947353533848932,0.9458078907149418,-1.1766326178416282e-16,0.00013287502224557102
numpy,2,haar,18,500,9,low_rank,0.9989617787603756,0.045568430938018024,0.9999999999999993,-4.43520416144145e-17,0.00011970798368565738
numpy,2,haar,18,500,9,shrinkage,0.9102876253849496,0.11845217884536643,0.834606160000001,0.003900252335876394,0.00018166701192967594
numpy,2,haar,18,500,9,mle,0.983877250758028,0.03797497398901994,0.9691965968763816,1.7897002085233806e-14,0.06371541699627414
numpy,2,haar,19,100,9,linear,1.0,0.18065073624258063,1.0467,-0.053566306090743775,0.00032458300120197237
numpy,2,haar,19,100,9,projected,0.9694532797511903,0.15863506929970078,0.9640715979233789,-3.228029203501794e-18,0.00013229198521003127
numpy,2,haar,19,100,9,low_rank,0.9874639382250903,0.15834192473758218,1.0000000000000002,-1.2029335365890983e-16,0.00011820800136774778
numpy,2,haar,19,100,9,shrinkage,0.9220423619406384,0.17836293571091663,0.8758979943179372,-3.249453325936538e-17,0.00018162501510232687
numpy,2,haar,19,100,9,mle,0.9650173646816143,0.12348207519452592,0.9452824944200842,1.3257734934434295e-16,0.06424508299096487
numpy,2,haar,19,500,9,linear,1.0,0.08696878366416497,1.0402200000000001,-0.05078228107424058,0.00032616598764434457
numpy,2,haar,19,500,9,projected,0.9833827161463364,0.049731395879656796,0.9692385862707199,-9.961742601053999e-17,0.00013270799536257982
numpy,2,haar,19,500,9,low_rank,0.9989878574096999,0.04499266402553448,0.9999999999999999,-5.2364534431169595e-17,0.00011837499914690852
numpy,2,haar,19,500,9,shrinkage,0.9328052811764811,0.10046597392633749,0.8757039542764526,-3.258765746348629e-17,0.00018191698472946882
numpy,2,haar,19,500,9,mle,0.9954068181772939,0.023327581005871182,0.9913577726063076,2.5719462492565985e-14,0.06493283301824704
numpy,2,haar,20,100,9,linear,0.94959375870291,0.11537998275540304,0.9125,-0.04552181291792773,0.0003280829987488687
numpy,2,haar,20,100,9,projected,0.9344264064958591,0.10264684446980074,0.8793891441196017,1.970020729905126e-17,0.0001381250040140003
numpy,2,haar,20,100,9,low_rank,0.9979182351764851,0.06452564249492404,0.9999999999999998,-2.109460766437702e-16,0.00011954200454056263
numpy,2,haar,20,100,9,shrinkage,0.8743134761729653,0.1643521281216991,0.7756385400702119,-2.024514435505549e-17,0.00018287499551661313
numpy,2,haar,20,100,9,mle,0.9484133934517661,0.07404057191368385,0.9023087485363717,2.211303295910419e-15,0.06396695898729376
numpy,2,haar,20,500,9,linear,1.0,0.06885517046181851,1.027756,-0.04240812293619949,0.0003270419838372618
numpy,2,haar,20,500,9,projected,0.9898028119706931,0.04411413269694986,0.9815516172741564,-4.1643221669022424e-17,0.00013066700194031
numpy,2,haar,20,500,9,low_rank,0.9991032437693657,0.042350095516843315,1.0000000000000004,-6.692725779705505e-17,0.0001176249934360385
numpy,2,haar,20,500,9,shrinkage,0.9309719693654112,0.09502151287500311,0.8709729821455359,-1.21897101081958e-16,0.00018212501890957355
numpy,2,haar,20,500,9,mle,0.9979693457210764,0.04335457284964125,0.9978182529174073,3.2489038647761355e-14,0.06380883298697881
numpy,2,haar,21,100,9,linear,0.9884366339266084,0.1490863758273098,0.9991000000000001,-0.060903936649804445,0.0003242499951738864
numpy,2,haar,21,100,9,projected,0.9654530506736696,0.12916393183311403,0.9475893941808584,-1.4258356353983876e-17,0.0001332079991698265
numpy,2,haar,21,100,9,low_rank,0.9921619189724971,0.1252045959910645,1.0000000000000009,-1.2995937800855872e-17,0.00012141600018367171
numpy,2,haar,21,100,9,shrinkage,0.9047642313705677,0.16180768953544858,0.8357101748830393,4.9395324348889754e-17,0.00018400000408291817
numpy,2,haar,21,100,9,mle,0.993415775922968,0.053088852676016214,0.9896499046885153,1.2491147963088084e-16,0.06410195902572013
numpy,2,haar,21,500,9,linear,0.9991665935179898,0.09034841079425422,1.0064959999999998,-0.052353397536162,0.00032862499938346446
numpy,2,haar,21,500,9,projected,0.9781075591016775,0.0651109235216171,0.9604545105386638,4.940507545093701e-18,0.00013454098370857537
numpy,2,haar,21,500,9,low_rank,0.9982443109406893,0.05925739468247549,1.0000000000000002,-2.4892392376285995e-17,0.00011979098781011999
numpy,2,haar,21,500,9,shrinkage,0.9169141953937942,0.11634331604445063,0.8473641101715395,-5.683541300803165e-17,0.00018258299678564072
numpy,2,haar,21,500,9,mle,0.9887477782875694,0.038405799958641025,0.9789704820763374,3.0681318539170274e-16,0.06411416700575501
numpy,2,haar,22,100,9,linear,0.9619879211960123,0.1233865182141672,0.9392,-0.07261918422867306,0.00032804100192151964
numpy,2,haar,22,100,9,projected,0.9378077281418902,0.09022394179513425,0.8837558159568328,5.272055009073038e-17,0.00013466598466038704
numpy,2,haar,22,100,9,low_rank,0.9991055140000145,0.042296866057558814,0.9999999999999991,-2.8245455676259345e-17,0.00011754099978134036
numpy,2,haar,22,100,9,shrinkage,0.8773512801626056,0.15643859281400588,0.779175544258368,6.536591805374881e-17,0.00018033297965303063
numpy,2,haar,22,100,9,mle,0.9736793614214105,0.08387914483286274,0.9543943765470381,7.532494477770863e-17,0.06402795802569017
numpy,2,haar,22,500,9,linear,1.0,0.037255651036259906,1.02868,-0.019170572048634104,0.00032662501325830817
numpy,2,haar,22,500,9,projected,0.9988228788283889,0.021558897533346152,0.9981105185457609,-9.825474853290395e-17,0.00013162498362362385
numpy,2,haar,22,500,9,low_rank,0.99976816220962,0.021533597738899228,0.9999999999999989,-7.571994167402989e-17,0.00012137502199038863
numpy,2,haar,22,500,9,shrinkage,0.9372814275680063,0.0785365213179325,0.8807307999999998,0.007746485156229422,0.00018274999456480145
numpy,2,haar,22,500,9,mle,0.9994056642083932,0.02361720879436808,0.9993690397302825,1.6859109093330809e-16,0.06496066600084305
numpy,2,haar,23,100,9,linear,0.9798120059524597,0.1684517541237431,0.988,-0.09214984550474666,0.00032904199906624854
numpy,2,haar,23,100,9,projected,0.9491508097375617,0.13016548260961217,0.9152446442947706,-6.200087548353149e-17,0.00013404199853539467
numpy,2,haar,23,100,9,low_rank,0.9928691185112123,0.11942274592525935,0.9999999999999997,-1.9362076295645015e-17,0.00011862500105053186
numpy,2,haar,23,100,9,shrinkage,0.8875540376272255,0.17196935810170144,0.8046814952121,4.548645592562651e-18,0.0001805420033633709
numpy,2,haar,23,100,9,mle,0.9406318790968713,0.11564664713562138,0.8946378743750599,1.086152262161389e-15,0.06411704199854285
numpy,2,haar,23,500,9,linear,0.9987977890499316,0.06177762594988219,1.001412,-0.025411073635398438,0.0003296670038253069
numpy,2,haar,23,500,9,projected,0.986838646660611,0.05318826167549515,0.9765062391813402,-1.7914492606302307e-17,0.00013262499123811722
numpy,2,haar,23,500,9,low_rank,0.9987101916809127,0.05079049766066887,0.9999999999999998,-2.2178080453376566e-17,0.0001186660083476454
numpy,2,haar,23,500,9,shrinkage,0.9239180018087174,0.10396031724270184,0.8586437200000001,0.0021300337281414117,0.0001803330087568611
numpy,2,haar,23,500,9,mle,0.9827937620614479,0.05084698021589023,0.9681729236024972,1.048962419006707e-13,0.06410016698646359
numpy,2,haar,24,100,9,linear,0.9936890631345073,0.22939459122974407,1.04,-0.1045133430912498,0.0003222499799448997
numpy,2,haar,24,100,9,projected,0.9462377547254202,0.18538408799768336,0.9268427462434603,-3.743306181845481e-17,0.00012958399020135403
numpy,2,haar,24,100,9,low_rank,0.9834144237560294,0.1821296126245065,0.9999999999999991,-4.6775289064051883e-17,0.00012050001532770693
numpy,2,haar,24,100,9,shrinkage,0.8969715477229663,0.20870113776661264,0.8374992460692197,-4.792751303271696e-17,0.00017949999892152846
numpy,2,haar,24,100,9,mle,0.9859623405837102,0.12319957433254196,0.9871027948719492,2.9244269120519164e-18,0.06387487499159761
numpy,2,haar,24,500,9,linear,0.9930299878096928,0.07216691286940387,0.9912679999999998,-0.029334677027148495,0.0003244589897803962
numpy,2,haar,24,500,9,projected,0.97994593427055,0.062366158891807494,0.9637813583784299,-2.987256009071638e-17,0.00013237501843832433
numpy,2,haar,24,500,9,low_rank,0.9983576319987507,0.05731276060792724,0.9999999999999998,-1.5017889702843543e-16,0.00011841699597425759
numpy,2,haar,24,500,9,shrinkage,0.9182621919407624,0.11386822513317436,0.8494903226002842,1.2875212703668166e-16,0.00017879100050777197
numpy,2,haar,24,500,9,mle,0.9943954958626435,0.03717187182169077,0.9901726790508556,4.5154494879653444e-15,0.06401845900109038
numpy,2,haar,25,100,9,linear,1.0,0.10632919992350338,1.0379999999999998,-0.060699089450305756,0.00032512497273273766
numpy,2,haar,25,100,9,projected,0.9784464134130111,0.06959277378480892,0.9617359321154357,-1.3980004215325506e-17,0.00013304202002473176
numpy,2,haar,25,100,9,low_rank,0.9979030445234818,0.06476089025998537,0.9999999999999991,-5.974200880972532e-17,0.00011762502253986895
numpy,2,haar,25,100,9,shrinkage,0.9271827404714096,0.1139792252516029,0.8673566952132643,-1.453325792331519e-17,0.00018170799012295902
numpy,2,haar,25,100,9,mle,0.990533378160398,0.058046009752555396,0.9844360603626731,8.987415694045315e-15,0.06442937499377877
numpy,2,haar,25,500,9,linear,0.9785429967721139,0.052326536394504304,0.959824,-0.014692743984092944,0.00032383299549110234
numpy,2,haar,25,500,9,projected,0.9736475555540027,0.049456635752910955,0.9497410017095633,2.875890694236809e-17,0.00013066700194031
numpy,2,haar,25,500,9,low_rank,0.9993401598446785,0.03632765799695845,1.0000000000000018,-3.0646425192021014e-17,0.00011862500105053186
numpy,2,haar,25,500,9,shrinkage,0.9056886786536427,0.11653368512984108,0.8249574399999994,0.011776530414316491,0.00018512498354539275
numpy,2,haar,25,500,9,mle,0.9787184475687023,0.042421239904094125,0.9592364351003045,2.8865721162904047e-13,0.06388441700255498
numpy,2,haar,26,100,9,linear,0.9728369683535997,0.160705004812815,0.9715,-0.08830042631126898,0.00032362499041482806
numpy,2,haar,26,100,9,projected,0.9434649434997867,0.12372230361004102,0.9022370954101506,-2.7650181811208385e-17,0.0001291670196224004
numpy,2,haar,26,100,9,low_rank,0.994082223166714,0.10879163857128706,0.999999999999999,-2.8695770300809735e-17,0.00011712501873262227
numpy,2,haar,26,100,9,shrinkage,0.8824344006072194,0.17110412604439154,0.7941453806155558,1.190691078113974e-16,0.0001806250074878335
numpy,2,haar,26,100,9,mle,0.9408428851014786,0.14302097213919243,0.9021407342681608,2.6700984847701106e-15,0.0640564999775961
numpy,2,haar,26,500,9,linear,1.0,0.07208408952693525,1.023596,-0.038396000470025546,0.0003218750061932951
numpy,2,haar,26,500,9,projected,0.9851239566204637,0.048435050732818,0.9725938371078269,-5.837452453191633e-17,0.00013299999409355223
numpy,2,haar,26,500,9,low_rank,0.9990051566616405,0.044606670097080046,0.9999999999999993,-2.1668957144864908e-16,0.0001176249934360385
numpy,2,haar,26,500,9,shrinkage,0.9301060704896215,0.09953868567244159,0.8701200599992573,-2.862924256359059e-17,0.0001797500008251518
numpy,2,haar,26,500,9,mle,0.993845540700353,0.042587902955209575,0.9895047452032849,6.155625972739886e-14,0.06436424999265
numpy,2,haar,27,100,9,linear,1.0,0.14014787286373634,1.0216,-0.09489077574036023,0.0003262920072302222
numpy,2,haar,27,100,9,projected,0.9600218680836003,0.08182672996752312,0.926739291291651,-3.1076412989403226e-17,0.00013691699132323265
numpy,2,haar,27,100,9,low_rank,0.9980193044817606,0.06293987166486356,1.0000000000000004,-1.8252218643865905e-16,0.0001222080027218908
numpy,2,haar,27,100,9,shrinkage,0.9058576331089621,0.13471634788883255,0.8298637143672838,-2.5169673582530963e-18,0.0001827079977374524
numpy,2,haar,27,100,9,mle,0.9870808700717743,0.07481886474003317,0.9797595721821372,3.124346021345024e-17,0.06391399999847636
numpy,2,haar,27,500,9,linear,0.9875362130171074,0.0795966153818648,0.9814080000000001,-0.026970835926078074,0.00032449999707750976
numpy,2,haar,27,500,9,projected,0.9746518518005686,0.07179165124208081,0.9544576715041946,-7.422196729428791e-17,0.0001335840206593275
numpy,2,haar,27,500,9,low_rank,0.997904801426842,0.06473366098338841,1.0000000000000013,-2.343463204278676e-16,0.00011912497575394809
numpy,2,haar,27,500,9,shrinkage,0.9137826111397226,0.12196449918818045,0.8424404800000007,0.0007262476665297044,0.00018012500368058681
numpy,2,haar,27,500,9,mle,0.9860413690401697,0.0432159803850637,0.9739503046070447,2.3609870499429793e-14,0.06389991601463407
numpy,2,haar,28,100,9,linear,0.9307664658704421,0.22620146113786083,0.9126999999999998,-0.08584071704340263,0.0003266249841544777
numpy,2,haar,28,100,9,projected,0.903237884946778,0.19791997135724612,0.845648017034364,1.8487435944960404e-17,0.00013004100765101612
numpy,2,haar,28,100,9,low_rank,0.9841495779768643,0.17804746075841732,1.0000000000000004,-1.0396616374948837e-17,0.00011800002539530396
numpy,2,haar,28,100,9,shrinkage,0.8459314223438588,0.23758240238642814,0.7483082271311695,1.3443779052631952e-17,0.00018087500939145684
numpy,2,haar,28,100,9,mle,0.9613622807717553,0.09557833530900409,0.9318597471903742,7.160601862633984e-17,0.0638359590084292
numpy,2,haar,28,500,9,linear,1.0,0.09127031795153345,1.034648,-0.032813674613882834,0.00032712501706555486
numpy,2,haar,28,500,9,projected,0.9957204210868249,0.08025630439299852,0.9978818853618405,-8.347311927045962e-17,0.0001316250127274543
numpy,2,haar,28,500,9,low_rank,0.9967769595986566,0.08028775771943561,1.0000000000000022,-3.1261146998499606e-17,0.00011929101310670376
numpy,2,haar,28,500,9,shrinkage,0.9353395004962501,0.10879795491081648,0.8825159528208377,3.879366281883783e-17,0.00018437500693835318
numpy,2,haar,28,500,9,mle,0.9966445975673592,0.06247528082799142,0.9971923012536851,3.934674323978377e-15,0.06487120798556134
numpy,2,haar,29,100,9,linear,1.0,0.18194250734435496,1.048,-0.07105818057284859,0.00032724998891353607
numpy,2,haar,29,100,9,projected,0.9727868761697961,0.15496511909377575,0.9695879075644174,-4.7543087771592824e-18,0.00013187501463107765
numpy,2,haar,29,100,9,low_rank,0.9879812418932866,0.15504057960264617,0.9999999999999998,-1.9734378526186497e-16,0.00011745898518711329
numpy,2,haar,29,100,9,shrinkage,0.9190757194601348,0.17388868624487638,0.8683887095955655,-5.0443403656721404e-17,0.00017899999511428177
numpy,2,haar,29,100,9,mle,0.9902931093020738,0.1264410338595093,0.9965735366949772,1.4913958458567141e-16,0.06386704201577231
numpy,2,haar,29,500,9,linear,0.9992070467259938,0.0665279632586448,1.00284,-0.03255876603511754,0.00032374999136663973
numpy,2,haar,29,500,9,projected,0.9836633569131262,0.05287643933589243,0.9701225855053223,-1.7861321539249619e-16,0.00012795801740139723
numpy,2,haar,29,500,9,low_rank,0.9988108182643715,0.0487689502315089,1.0000000000000004,-9.787595009018938e-17,0.00011662501492537558
numpy,2,haar,29,500,9,shrinkage,0.9228566669741639,0.10580096378067705,0.8569071205689822,7.109764555261318e-17,0.00017845802358351648
numpy,2,haar,29,500,9,mle,0.9975605036395968,0.018526443915865984,0.9954642062214367,1.1087371882419776e-15,0.0637845000019297
numpy,2,mixed,0,100,9,linear,0.9502176296421615,0.2114105699381993,0.5308,-0.05130198767859812,0.00032616700627841055
numpy,2,mixed,0,100,9,projected,0.9243480695079112,0.18650116500646122,0.493089482961234,2.948130534150735e-17,0.00013254201621748507
numpy,2,mixed,0,100,9,low_rank,0.6184237708269854,0.5137319829122791,0.9999999999999987,-4.5102052864130233e-17,0.00011841600644402206
numpy,2,mixed,0,100,9,shrinkage,0.9148239495816205,0.19180685139235548,0.462735814531933,2.1470749450305964e-17,0.00018354100757278502
numpy,2,mixed,0,100,9,mle,0.9567234741316379,0.1334542487122807,0.5366067065258199,5.3341511443767766e-14,0.06439837499056011
numpy,2,mixed,0,500,9,linear,0.9784163026807386,0.07769356436758168,0.51254,0.00850797522978766,0.0003277089854236692
numpy,2,mixed,0,500,9,projected,0.9784163026807443,0.0776935643675818,0.5125400000000004,0.00850797522978765,0.00013462500646710396
numpy,2,mixed,0,500,9,low_rank,0.6371613457620947,0.47586281145176323,1.0000000000000004,-2.2262052371939187e-17,0.00012062498717568815
numpy,2,mixed,0,500,9,shrinkage,0.9767125828357816,0.08295100023763492,0.4626574000000003,0.032657177706808774,0.00017958300304599106
numpy,2,mixed,0,500,9,mle,0.9888188680514174,0.061468517379523586,0.5204694848270355,0.01029475278742603,0.0648378329933621
numpy,2,mixed,1,100,9,linear,0.9816980181311107,0.1663685979295931,0.5692,-0.03808021623619688,0.00032645801547914743
numpy,2,mixed,1,100,9,projected,0.9497670737477338,0.14724674276692495,0.541879718684408,8.451785095711937e-18,0.00013279198901727796
numpy,2,mixed,1,100,9,low_rank,0.6608949205401495,0.449829160858869,0.9999999999999998,-3.43721669721026e-17,0.00011820899089798331
numpy,2,mixed,1,100,9,shrinkage,0.9465597925623777,0.14997407642430285,0.5022559054677044,3.137276122958157e-17,0.00018025000463239849
numpy,2,mixed,1,100,9,mle,0.9556455964064214,0.14190675864590227,0.5583124487112808,1.9888237483394985e-12,0.06472495800699107
numpy,2,mixed,1,500,9,linear,0.9741071603993798,0.07700437144754604,0.577252,-0.002589023672657823,0.00032379099866375327
numpy,2,mixed,1,500,9,projected,0.9717075606976486,0.07577635089215598,0.5755170468267906,-6.081610876421901e-17,0.00013245802256278694
numpy,2,mixed,1,500,9,low_rank,0.674989120724749,0.4173222172253001,0.9999999999999987,-2.2641518220578265e-17,0.00011862500105053186
numpy,2,mixed,1,500,9,shrinkage,0.9934082715890532,0.05742501515060862,0.515074120000001,0.022669878694608077,0.00018229198758490384
numpy,2,mixed,1,500,9,mle,0.9759833743726031,0.04836292823423845,0.5519017430237068,3.3448471909941355e-12,0.06520812498638406
numpy,2,mixed,2,100,9,linear,0.9083832857296985,0.2053559804453255,0.4616,-0.0003470789579859586,0.0003274589835200459
numpy,2,mixed,2,100,9,projected,0.9080964956746981,0.2051899393733351,0.4613684534096051,-5.753575461317151e-17,0.00014533300418406725
numpy,2,mixed,2,100,9,low_rank,0.5715681785984524,0.536668035684626,0.9999999999999998,-6.394739869747277e-17,0.00011904101120308042
numpy,2,mixed,2,100,9,shrinkage,0.959898996420383,0.19241845822858125,0.4213959999999991,0.024687628937812636,0.0001816249859984964
numpy,2,mixed,2,100,9,mle,0.9011114580242229,0.2078161315135353,0.452321357086227,2.43415667911217e-12,0.06466116700903513
numpy,2,mixed,2,500,9,linear,0.9880621677923213,0.08657562543046204,0.459316,0.040387588369671795,0.00033325000549666584
numpy,2,mixed,2,500,9,projected,0.9880621677923197,0.08657562543046178,0.4593159999999993,0.04038758836967188,0.00013462500646710396
numpy,2,mixed,2,500,9,low_rank,0.6043658516422964,0.4716113106561909,0.9999999999999984,-3.237482506822883e-17,0.00011908399756066501
numpy,2,mixed,2,500,9,shrinkage,0.9904691053859669,0.07760320392662708,0.41954596000000005,0.0613488295327047,0.0001822079939302057
numpy,2,mixed,2,500,9,mle,0.9920448017268206,0.07122076260632773,0.44254535711497955,0.053251187180263795,0.06560845900094137
numpy,2,mixed,3,100,9,linear,1.0,0.1953966680095906,0.563,-0.08560574762342005,0.00032774999272078276
numpy,2,mixed,3,100,9,projected,0.9596778825294315,0.15344735408355475,0.4961583762161669,8.827011385086462e-18,0.00013341600424610078
numpy,2,mixed,3,100,9,low_rank,0.6001652788698001,0.5115135304224068,1.0,-2.6355731587239272e-17,0.00011837499914690852
numpy,2,mixed,3,100,9,shrinkage,0.9671559783797954,0.1442970075247232,0.465221618068428,4.791664211322284e-17,0.00018145801732316613
numpy,2,mixed,3,100,9,mle,0.9672437003305998,0.142745057968651,0.49806078438443835,1.0865522303970471e-14,0.06458575002034195
numpy,2,mixed,3,500,9,linear,0.969212623187927,0.1254367177137296,0.426552,0.038862921074468856,0.0003287500003352761
numpy,2,mixed,3,500,9,projected,0.9692126231879268,0.12543671771372947,0.4265519999999997,0.03886292107446884,0.00013149998267181218
numpy,2,mixed,3,500,9,low_rank,0.6060904399291303,0.4997957243816839,0.9999999999999992,-4.01960499437492e-17,0.00011845800327137113
numpy,2,mixed,3,500,9,shrinkage,0.9571439155537892,0.13953105922710102,0.3930071199999996,0.059976628967022,0.00018095801351591945
numpy,2,mixed,3,500,9,mle,0.9808908833312311,0.08797321292652095,0.4425287996704189,0.034688143284266525,0.0649673749867361
numpy,2,mixed,4,100,9,linear,1.0,0.21195115285958135,0.5523,-0.12675817854729016,0.0003245829720981419
numpy,2,mixed,4,100,9,projected,0.970223341521224,0.13549043867159463,0.446371033196971,-2.276894025066116e-17,0.0001320409937761724
numpy,2,mixed,4,100,9,low_rank,0.616501269310669,0.4736427814124617,0.9999999999999998,-3.142440986885802e-17,0.00011875000200234354
numpy,2,mixed,4,100,9,shrinkage,0.970968605028622,0.1405820920596294,0.42489387022288017,1.747043427576868e-17,0.00018137498409487307
numpy,2,mixed,4,100,9,mle,0.9781329049461919,0.1162639555468737,0.43723059211974336,2.0411075276606182e-14,0.055225250020157546
numpy,2,mixed,4,500,9,linear,1.0,0.08228362968361513,0.48572400000000004,-0.010079273594333029,0.0003305420104879886
numpy,2,mixed,4,500,9,projected,0.9913270816173941,0.08060870827523856,0.47886902859552644,-1.3374329617117818e-16,0.00014312498387880623
numpy,2,mixed,4,500,9,low_rank,0.6131979932557928,0.4805663720109426,1.0000000000000016,-3.3621081101927603e-16,0.00012137502199038863
numpy,2,mixed,4,500,9,shrinkage,0.9882519159080736,0.07491578618582193,0.4409364400000001,0.015928653765100345,0.00018462497973814607
numpy,2,mixed,4,500,9,mle,0.9942828203639245,0.05053973788650083,0.45880563431730625,4.23155137106929e-13,0.06259270801092498
numpy,2,mixed,5,100,9,linear,0.9805009128062759,0.21405791312609979,0.5342000000000001,-0.045084486365730474,0.0003489580121822655
numpy,2,mixed,5,100,9,projected,0.9421845734070946,0.1959118378029423,0.5014335278750303,2.0574399054175118e-17,0.0001778750156518072
numpy,2,mixed,5,100,9,low_rank,0.5479910990473401,0.5985899373836081,0.999999999999999,-8.025611685598931e-17,0.00012458302080631256
numpy,2,mixed,5,100,9,shrinkage,0.9411188270460522,0.18475000715208353,0.46949449091210804,9.657964756915403e-18,0.0001875830057542771
numpy,2,mixed,5,100,9,mle,0.9394811870783107,0.18820708454602036,0.48352105236236564,1.4669018126091515e-12,0.06442837498616427
numpy,2,mixed,5,500,9,linear,0.9880033783453908,0.09016725404256246,0.429956,0.02039241009307758,0.0003352500207256526
numpy,2,mixed,5,500,9,projected,0.9880033783453908,0.09016725404256258,0.4299559999999995,0.020392410093077507,0.0001382080081384629
numpy,2,mixed,5,500,9,low_rank,0.5843136402094218,0.5344761910464623,0.9999999999999989,-1.4881604241907465e-16,0.00011970801278948784
numpy,2,mixed,5,500,9,shrinkage,0.9819871824179954,0.10747225870415243,0.39576435999999987,0.0433531690837698,0.0001819159951992333
numpy,2,mixed,5,500,9,mle,0.9897715608415864,0.07597555257377457,0.4366231044752248,0.0161821318446385,0.0645116250088904
numpy,2,mixed,6,100,9,linear,0.9039174862891108,0.23940826149165553,0.5315000000000001,-0.009668626473727135,0.00032587500754743814
numpy,2,mixed,6,100,9,projected,0.8973327425945505,0.2354018540736607,0.5249296059003302,4.50540582867327e-17,0.0001329160004388541
numpy,2,mixed,6,100,9,low_rank,0.6701241165799746,0.45069194521417255,0.9999999999999993,-9.613200760753415e-17,0.00011729198740795255
numpy,2,mixed,6,100,9,shrinkage,0.9255933036584996,0.23576859312521672,0.47801499999999997,0.01629823617364554,0.00018529201042838395
numpy,2,mixed,6,100,9,mle,0.887592275424425,0.2054864088257024,0.5384644481915971,2.1489669912849646e-12,0.06552062497939914
numpy,2,mixed,6,500,9,linear,0.9904312267362744,0.07574981092915915,0.5323119999999999,0.03356129642428777,0.00032983400160446763
numpy,2,mixed,6,500,9,projected,0.9904312267362755,0.075749810929159,0.532312000000001,0.0335612964242878,0.00013108301209285855
numpy,2,mixed,6,500,9,low_rank,0.6999475217010215,0.3787828340932979,1.0000000000000013,-2.4860439752831743e-17,0.00011783299851231277
numpy,2,mixed,6,500,9,shrinkage,0.9860643725865537,0.09535877448381852,0.47867272000000016,0.05520516678185899,0.00018025000463239849
numpy,2,mixed,6,500,9,mle,0.9904815887729288,0.07889817695302725,0.549619682144197,0.035212633844910524,0.064223082998069
numpy,2,mixed,7,100,9,linear,1.0,0.1353910542422863,0.6637,-0.04188179381344828,0.0003310419851914048
numpy,2,mixed,7,100,9,projected,0.9763510111143014,0.11892749970190646,0.633440024586992,2.3017827637898598e-17,0.00013354199472814798
numpy,2,mixed,7,100,9,low_rank,0.7777474546627213,0.2919864602143548,1.000000000000001,-3.693416522674734e-17,0.00012579100439324975
numpy,2,mixed,7,100,9,shrinkage,0.9717689925293838,0.1325321313850451,0.576419753248797,-3.3523428034198338e-18,0.0001812080154195428
numpy,2,mixed,7,100,9,mle,0.9725624150688092,0.10989204416659551,0.6689273220070586,5.373547385111684e-13,0.06490075000328943
numpy,2,mixed,7,500,9,linear,1.0,0.08593913533984603,0.669816,-0.030151269338855112,0.0003260420053265989
numpy,2,mixed,7,500,9,projected,0.9903012019547869,0.07464491071527568,0.6485030217171038,2.234669656166658e-17,0.00013225001748651266
numpy,2,mixed,7,500,9,low_rank,0.7817914105474375,0.2777916337296706,0.9999999999999997,-1.2366026805502702e-18,0.00011749999248422682
numpy,2,mixed,7,500,9,shrinkage,0.9871728300261536,0.08882531882694444,0.5886207809241876,1.9751157654621965e-17,0.00018116700812242925
numpy,2,mixed,7,500,9,mle,0.9930048813797563,0.06273687598430726,0.6446192030731167,5.859392322974964e-13,0.06526012500398792
numpy,2,mixed,8,100,9,linear,0.9690145569270349,0.13273848761090284,0.4547,-0.002189820359463312,0.0003267080173827708
numpy,2,mixed,8,100,9,projected,0.9674471098218849,0.13206692774533457,0.45323372600941525,1.0290391261657895e-17,0.00013512501027435064
numpy,2,mixed,8,100,9,low_rank,0.529511487478332,0.6182851462201072,0.9999999999999996,-5.558394821281632e-17,0.00011933399946428835
numpy,2,mixed,8,100,9,shrinkage,0.9668442995158952,0.1287031584971226,0.41580699999999887,0.023029161676483133,0.00018045800970867276
numpy,2,mixed,8,100,9,mle,0.9811250040140171,0.10050387108374528,0.45956274542267406,4.44040045455587e-12,0.06491837499197572
numpy,2,mixed,8,500,9,linear,0.9919875960324779,0.09778283026363413,0.44623599999999997,-0.0045314829428102586,0.0003292079782113433
numpy,2,mixed,8,500,9,projected,0.9875397480240179,0.09731740413065106,0.443187632254579,-2.921529910772171e-17,0.000132500019390136
numpy,2,mixed,8,500,9,low_rank,0.5399688307627102,0.6011337985267591,1.0000000000000009,-9.975113522382921e-18,0.0001212499919347465
numpy,2,mixed,8,500,9,shrinkage,0.9821035696657195,0.10036952340306624,0.4089511599999993,0.020921665351470758,0.00018095801351591945
numpy,2,mixed,8,500,9,mle,0.9924701282118686,0.07004450024586878,0.4429385062765797,1.8647237332169164e-12,0.0642315829754807
numpy,2,mixed,9,100,9,linear,0.996947180040444,0.1714276733130564,0.5575,-0.03577802115670181,0.00032395898597314954
numpy,2,mixed,9,100,9,projected,0.9615914506216034,0.15901088198170873,0.5319412301650137,2.1488493104593308e-17,0.00013220799155533314
numpy,2,mixed,9,100,9,low_rank,0.6093672936629451,0.4877739734525029,1.0000000000000009,-1.2578367203451502e-16,0.00011795901809819043
numpy,2,mixed,9,100,9,shrinkage,0.9647589347646351,0.1374341478508904,0.4942057297669936,2.6304595203393353e-18,0.00017991699860431254
numpy,2,mixed,9,100,9,mle,0.9639616468744616,0.14291146979787825,0.5439256126966291,3.9437251683462584e-13,0.0637977080186829
numpy,2,mixed,9,500,9,linear,0.9889330112051001,0.0958884199544968,0.45724800000000004,0.025115272462508192,0.00032566700247116387
numpy,2,mixed,9,500,9,projected,0.9889330112051006,0.09588841995449672,0.45724799999999977,0.025115272462508248,0.00013066601241007447
numpy,2,mixed,9,500,9,low_rank,0.6172365576797881,0.4713649533621424,0.9999999999999994,-4.36619154258984e-17,0.00011791600263677537
numpy,2,mixed,9,500,9,shrinkage,0.9833965828397346,0.10143279134747918,0.41787088000000017,0.04760374521625737,0.00018087500939145684
numpy,2,mixed,9,500,9,mle,0.9943473965717816,0.0672391195614307,0.45568914778011893,0.028551438065995464,0.06385845798649825
numpy,2,mixed,10,100,9,linear,0.9140827930939102,0.20810387375258102,0.6888,-0.033106642398959565,0.0003294580092187971
numpy,2,mixed,10,100,9,projected,0.8940865384417425,0.18848456325877544,0.6652675053727838,-3.5292858372862087e-17,0.00013066700194031
numpy,2,mixed,10,100,9,low_rank,0.744466511958672,0.32856123236990875,1.0000000000000002,-8.335958890665433e-17,0.00012524999328888953
numpy,2,mixed,10,100,9,shrinkage,0.8946547244652143,0.18228254422511042,0.6022000126852874,1.5765421038558422e-17,0.00018295898917131126
numpy,2,mixed,10,100,9,mle,0.9204005976251747,0.16435580300196798,0.641106757442407,1.5959657976457077e-13,0.06425658299122006
numpy,2,mixed,10,500,9,linear,0.9767594702936501,0.07777942830421143,0.589568,-0.002565766213279187,0.00032854199525900185
numpy,2,mixed,10,500,9,projected,0.9744275230750974,0.07675279699170856,0.5878487116494654,-4.4367705091122945e-17,0.00013112497981637716
numpy,2,mixed,10,500,9,low_rank,0.7473295768117578,0.31972861279210857,1.0000000000000002,-8.614602113325335e-17,0.00011783299851231277
numpy,2,mixed,10,500,9,shrinkage,0.988020777832829,0.0978371386149756,0.5250500799999995,0.022690810408048705,0.0001794170239008963
numpy,2,mixed,10,500,9,mle,0.9750452552838255,0.06916953777193574,0.6057037337934186,8.761343551058538e-13,0.06558362502255477
numpy,2,mixed,11,100,9,linear,1.0,0.21628613262854468,0.4877,-0.07923914152005854,0.00033687500399537385
numpy,2,mixed,11,100,9,projected,0.9381810605963582,0.1695006181786155,0.42650211692151296,-2.4028246349718447e-17,0.00014087502495385706
numpy,2,mixed,11,100,9,low_rank,0.5284178438686828,0.6031503004408367,0.9999999999999989,-1.468514848412437e-17,0.00012412498472258449
numpy,2,mixed,11,100,9,shrinkage,0.9357422460923617,0.17104012210100375,0.40880004803975906,-4.1791760033672165e-17,0.00018900001305155456
numpy,2,mixed,11,100,9,mle,0.945986524748865,0.14430351986866985,0.4405385067299358,2.0320954886122186e-14,0.059597916988423094
numpy,2,mixed,11,500,9,linear,0.9927456992344993,0.09189771410233104,0.481816,-0.02497964102630112,0.00032412499422207475
numpy,2,mixed,11,500,9,projected,0.9679760434591088,0.0757252335608741,0.46433092936139564,3.828584215031936e-18,0.00012954100384376943
numpy,2,mixed,11,500,9,low_rank,0.5503848020039652,0.5655584637043604,1.0000000000000009,-9.790920662806384e-17,0.00011774999438785017
numpy,2,mixed,11,500,9,shrinkage,0.9831804698731861,0.0616427210041038,0.43777095999999993,0.0025183230763289287,0.00018041700241155922
numpy,2,mixed,11,500,9,mle,0.9697607506070303,0.07029203420045747,0.45888544827517663,8.091741110126955e-13,0.06447341601597145
numpy,2,mixed,12,100,9,linear,0.9335306946160205,0.19591437518201127,0.3897,-0.004020107231174811,0.0003261250094510615
numpy,2,mixed,12,100,9,projected,0.9311941099982511,0.19441178172948367,0.38699838016301624,-7.185802637931509e-17,0.00013183397823013365
numpy,2,mixed,12,100,9,low_rank,0.49270321219543023,0.6400296430894034,1.0000000000000002,-1.1944169434090266e-16,0.00012141698971390724
numpy,2,mixed,12,100,9,shrinkage,0.9241209830139006,0.190985945460355,0.363157,0.021381903491942605,0.00018008399638347328
numpy,2,mixed,12,100,9,mle,0.9630082865732652,0.14540959633334893,0.37507992810065893,1.2526676514016808e-12,0.06435404199874029
numpy,2,mixed,12,500,9,linear,0.987607432568591,0.04860165840828769,0.379056,0.015451927312125531,0.0003249160072300583
numpy,2,mixed,12,500,9,projected,0.9876074325685879,0.04860165840828759,0.3790560000000007,0.015451927312125472,0.0001337080029770732
numpy,2,mixed,12,500,9,low_rank,0.5019060056447,0.6254856951459196,1.000000000000002,-5.904451276829518e-17,0.0001196670054923743
numpy,2,mixed,12,500,9,shrinkage,0.9668178113665084,0.07081879892200806,0.35453535999999986,0.03890673458091296,0.00017991597997024655
numpy,2,mixed,12,500,9,mle,0.996277322783231,0.04714358979625199,0.3911795156300827,0.004043017917142813,0.06409033399540931
numpy,2,mixed,13,100,9,linear,0.9971410407755327,0.15378131056073163,0.607,-0.04764134281810304,0.0003255829797126353
numpy,2,mixed,13,100,9,projected,0.9603990421757478,0.12945402343763648,0.5722128413939158,-7.557587058089698e-17,0.00013087497791275382
numpy,2,mixed,13,100,9,low_rank,0.7066368244237116,0.3794876641949039,1.0000000000000007,-5.713464568068208e-17,0.00011841699597425759
numpy,2,mixed,13,100,9,shrinkage,0.9585803124501172,0.1341870570137515,0.5268257348624059,2.478530287290809e-17,0.00018087500939145684
numpy,2,mixed,13,100,9,mle,0.975863489081289,0.10122425187302211,0.5864455903181452,1.1630879414509857e-12,0.06373191700549796
numpy,2,mixed,13,500,9,linear,1.0,0.08060432295946549,0.561316,-0.020670321983527643,0.0003238749923184514
numpy,2,mixed,13,500,9,projected,0.981823910087941,0.07257349302620601,0.5469661023964442,4.442497391325888e-17,0.00012904198956675828
numpy,2,mixed,13,500,9,low_rank,0.713779636458701,0.360173969480826,0.9999999999999989,-5.289057059360272e-17,0.00012312500621192157
numpy,2,mixed,13,500,9,shrinkage,0.9877477279842756,0.0925060110074889,0.50216596,0.006396710214825132,0.00017970800399780273
numpy,2,mixed,13,500,9,mle,0.9873742228080188,0.047592299907460625,0.5596436166336582,3.8485747837924403e-13,0.06452400001580827
numpy,2,mixed,14,100,9,linear,0.9579739791366938,0.16170000272435564,0.4269,0.025678085952541896,0.00032295798882842064
numpy,2,mixed,14,100,9,projected,0.9579739791366956,0.1617000027243556,0.4268999999999994,0.025678085952542014,0.00013308398774825037
numpy,2,mixed,14,100,9,low_rank,0.5728000924894086,0.5602825000530856,0.9999999999999988,-3.8917589743838414e-17,0.00011925000580959022
numpy,2,mixed,14,100,9,shrinkage,0.9545478669524607,0.1690055172612451,0.3932890000000001,0.04811027735728773,0.00020012501045130193
numpy,2,mixed,14,100,9,mle,0.952340176809956,0.1611379954534999,0.41911149090372524,0.03747130971609246,0.06474633302423172
numpy,2,mixed,14,500,9,linear,0.9689498874901552,0.10266823047669865,0.522192,-0.015032937550174404,0.00032604101579636335
numpy,2,mixed,14,500,9,projected,0.9556715365520569,0.0932793822198237,0.5118687226847005,-2.4663306405108054e-18,0.00013204198330640793
numpy,2,mixed,14,500,9,low_rank,0.5882367121719396,0.5320180735356629,1.0000000000000004,-4.6773978852228446e-17,0.00011891699978150427
numpy,2,mixed,14,500,9,shrinkage,0.985518294355542,0.07707835017749734,0.47047552,0.011470356204843091,0.0001821249898057431
numpy,2,mixed,14,500,9,mle,0.9618305142245843,0.07730721480960866,0.498160822203065,1.1013146728515467e-11,0.06391887497738935
numpy,2,mixed,15,100,9,linear,0.9077471537002498,0.2231208297930354,0.6497,-0.011317279436010753,0.00032558300881646574
numpy,2,mixed,15,100,9,projected,0.9051306832605156,0.21716923268649757,0.6419843726242156,8.072481885925662e-17,0.00013166599092073739
numpy,2,mixed,15,100,9,low_rank,0.7409063917139094,0.3597501625138541,0.9999999999999989,-1.1981829322937e-16,0.00011974998051300645
numpy,2,mixed,15,100,9,shrinkage,0.9346799358563668,0.21202572461553296,0.5737569999999994,0.014814448507590134,0.00018016601097770035
numpy,2,mixed,15,100,9,mle,0.9562613208564815,0.18790813017602825,0.6421280161324157,3.3165909948353896e-13,0.06456912501016632
numpy,2,mixed,15,500,9,linear,0.9937335984807794,0.054343223559939764,0.6204719999999999,0.005170005936758518,0.0003249160072300583
numpy,2,mixed,15,500,9,projected,0.9937335984807785,0.054343223559939806,0.6204720000000008,0.005170005936758459,0.00013262499123811722
numpy,2,mixed,15,500,9,low_rank,0.7604765514858324,0.3004660648110124,1.000000000000001,-1.8342253125705217e-18,0.00011833399184979498
numpy,2,mixed,15,500,9,shrinkage,0.9906424854644847,0.07374741373200425,0.550082320000001,0.029653005343082562,0.00018120798631571233
numpy,2,mixed,15,500,9,mle,0.9935128861841055,0.03710804714039336,0.6246862331028958,0.002357656664144709,0.06456258401158266
numpy,2,mixed,16,100,9,linear,0.9857933413553495,0.13159026834954113,0.5339,-0.025210561313816438,0.00032720898161642253
numpy,2,mixed,16,100,9,projected,0.9637479500618827,0.12061549699983388,0.5162455292551128,5.952956610151506e-18,0.00013237498933449388
numpy,2,mixed,16,100,9,low_rank,0.6392651192521797,0.4717611178821519,1.000000000000001,-2.0000463754636187e-16,0.00011866699787788093
numpy,2,mixed,16,100,9,shrinkage,0.969577456346399,0.1230539480750883,0.47995900000000014,0.0023104948175652145,0.00017962499987334013
numpy,2,mixed,16,100,9,mle,0.9693510318852606,0.09566617281959126,0.5354773857411712,2.003060008755381e-13,0.09588395900209434
numpy,2,mixed,16,500,9,linear,0.9850017764019061,0.1087632205044817,0.54504,-0.027706634657627547,0.00036199999158270657
numpy,2,mixed,16,500,9,projected,0.9630724093172104,0.09133242671456215,0.5255453667561798,-2.9596502368610203e-17,0.00015262499800883234
numpy,2,mixed,16,500,9,low_rank,0.6411995427143786,0.46764273406234813,0.9999999999999998,-3.1772066984476964e-17,0.00013316699187271297
numpy,2,mixed,16,500,9,shrinkage,0.9594053274532309,0.09592585473191549,0.4889824000000001,6.402880813522246e-05,0.00019258400425314903
numpy,2,mixed,16,500,9,mle,0.959005808592731,0.09244143430215708,0.5314003884517157,7.523773062056609e-13,0.06485933301155455
numpy,2,mixed,17,100,9,linear,0.9803102704204003,0.1842123732985029,0.4696,-0.02177922714979232,0.0003295420028734952
numpy,2,mixed,17,100,9,projected,0.9620343183426228,0.1784676964569197,0.45444806891981526,9.794258896489158e-18,0.00013587498688139021
numpy,2,mixed,17,100,9,low_rank,0.5894951000702582,0.5427671279483144,0.9999999999999994,-2.97078170512001e-18,0.00011908300803042948
numpy,2,mixed,17,100,9,shrinkage,0.9586143937839419,0.18203135270665285,0.42787600000000037,0.005398695565186864,0.0001811669790185988
numpy,2,mixed,17,100,9,mle,0.9719999105827906,0.181519634032134,0.45229175617841044,1.769539666949148e-12,0.06475849999696948
numpy,2,mixed,17,500,9,linear,1.0,0.09595266097556211,0.5251680000000001,-0.03728207880844411,0.0003248330031055957
numpy,2,mixed,17,500,9,projected,0.9907770120920202,0.08233485372541674,0.4984600095939987,-1.3019372222191844e-16,0.0001324159966316074
numpy,2,mixed,17,500,9,low_rank,0.6053736452772931,0.512678335785517,1.0000000000000002,-1.7902465276713003e-17,0.00011791600263677537
numpy,2,mixed,17,500,9,shrinkage,0.9915866666551434,0.07516874945874653,0.46708594110447205,5.508617624641574e-18,0.00018058298155665398
numpy,2,mixed,17,500,9,mle,0.9948703414060894,0.06582606069810268,0.4723026593517419,1.7800542744346018e-13,0.0668160000059288
numpy,2,mixed,18,100,9,linear,0.9693462881750826,0.17139255944598156,0.46520000000000006,-0.042417199464338966,0.0003272909962106496
numpy,2,mixed,18,100,9,projected,0.9361978555069407,0.14472925571052772,0.4345229086099107,-1.728043046724446e-17,0.00013441700139082968
numpy,2,mixed,18,100,9,low_rank,0.5148686992955931,0.6311809853556855,1.0000000000000007,-2.727470815420758e-17,0.00011875000200234354
numpy,2,mixed,18,100,9,shrinkage,0.9299741234615523,0.1509241824626294,0.415296889307361,-4.9651138204662054e-17,0.00017949999892152846
numpy,2,mixed,18,100,9,mle,0.9387933421607877,0.14426410437409076,0.44506383752661116,3.9190960202526014e-14,0.06488691599224694
numpy,2,mixed,18,500,9,linear,0.981850793503161,0.10014877642917296,0.438256,0.0063978445157566255,0.0003284999984316528
numpy,2,mixed,18,500,9,projected,0.9818507935031618,0.10014877642917296,0.43825600000000003,0.006397844515756653,0.0001307500060647726
numpy,2,mixed,18,500,9,low_rank,0.5271325016103482,0.611442426870674,1.0000000000000002,-2.903973338613591e-17,0.00011829199502244592
numpy,2,mixed,18,500,9,shrinkage,0.9893394934972766,0.09948086145582331,0.40248736000000046,0.030758060064180977,0.00018079200526699424
numpy,2,mixed,18,500,9,mle,0.989064988732232,0.07521618275249305,0.4444705665497896,0.008287396385838265,0.06435987498844042
numpy,2,mixed,19,100,9,linear,0.9872756131313523,0.10926045712301728,0.4217000000000001,0.026169941950344302,0.00033395897480659187
numpy,2,mixed,19,100,9,projected,0.9872756131313536,0.10926045712301724,0.4216999999999994,0.02616994195034433,0.00013079200289212167
numpy,2,mixed,19,100,9,low_rank,0.5486831737770431,0.5618301854899299,0.9999999999999983,-4.686646503759023e-17,0.00011891699978150427
numpy,2,mixed,19,100,9,shrinkage,0.9850232725922632,0.10767085343129915,0.38907699999999984,0.04855294775530983,0.00018075000843964517
numpy,2,mixed,19,100,9,mle,0.9893230293255905,0.08673827728516466,0.41923840627685893,0.03415035243032625,0.0644279170082882
numpy,2,mixed,19,500,9,linear,0.9883435095124223,0.08662832755663713,0.417296,0.012129274335008313,0.0003285830025561154
numpy,2,mixed,19,500,9,projected,0.988343509512421,0.08662832755663707,0.417296,0.01212927433500835,0.00013595802010968328
numpy,2,mixed,19,500,9,low_rank,0.5557962433754553,0.5490237121010784,1.0,-3.363636751709115e-17,0.0001187919988296926
numpy,2,mixed,19,500,9,shrinkage,0.9902052326065623,0.08943897561298832,0.38550976000000076,0.0359163469015075,0.00018008399638347328
numpy,2,mixed,19,500,9,mle,0.9908984332595763,0.07804112580331508,0.41544217152174323,0.019346537641996404,0.06352745802723803
numpy,2,mixed,20,100,9,linear,1.0,0.24096560622674007,0.43620000000000003,-0.08979996269068058,0.0003303749836049974
numpy,2,mixed,20,100,9,projected,0.956787828560658,0.2061052219572282,0.3655813138072165,-3.171396046354558e-18,0.00013462500646710396
numpy,2,mixed,20,100,9,low_rank,0.40667945324236143,0.7406860948057542,1.0,-1.4669009097635392e-16,0.00011933300993405282
numpy,2,mixed,20,100,9,shrinkage,0.9590087405363185,0.19884352594196184,0.3594541975171785,-3.8422338890095844e-17,0.00018174998695030808
numpy,2,mixed,20,100,9,mle,0.9607831018194561,0.1985541843720016,0.37129732940612814,1.3510516590103445e-13,0.05320537500665523
numpy,2,mixed,20,500,9,linear,0.9705896586635289,0.0801145736081534,0.340996,0.040818538924402695,0.0003297500079497695
numpy,2,mixed,20,500,9,projected,0.9705896586635249,0.0801145736081532,0.3409960000000003,0.040818538924402695,0.00012991702533327043
numpy,2,mixed,20,500,9,low_rank,0.46772548633292205,0.6530879016721032,0.9999999999999999,-1.1428747081865408e-16,0.00011866699787788093
numpy,2,mixed,20,500,9,shrinkage,0.955233712597118,0.09372485482307248,0.3237067600000004,0.06173668503196257,0.00018158298917114735
numpy,2,mixed,20,500,9,mle,0.9907200705402378,0.05746112018376768,0.3496421315074537,0.01544448115372953,0.06425733299693093
numpy,2,mixed,21,100,9,linear,0.971240884616366,0.1425817202823915,0.46119999999999994,-0.021358279130569542,0.0003255420015193522
numpy,2,mixed,21,100,9,projected,0.9574068747030963,0.13321594002524542,0.4463529124630614,2.1755551303637384e-17,0.0001281249860767275
numpy,2,mixed,21,100,9,low_rank,0.5420879385886969,0.5855158918567277,1.0000000000000002,-7.072572484128413e-17,0.00013945900718681514
numpy,2,mixed,21,100,9,shrinkage,0.9576947610202977,0.1303421077088924,0.4210719999999995,0.005777548782487491,0.00022241700207814574
numpy,2,mixed,21,100,9,mle,0.9790752151561948,0.10828172136660244,0.45672988742034254,3.8942019565104894e-14,0.06458100001327693
numpy,2,mixed,21,500,9,linear,0.9997744913271466,0.09013249098876566,0.44245599999999996,-0.009577099947811684,0.0003370000049471855
numpy,2,mixed,21,500,9,projected,0.9904368731029597,0.08856824729286263,0.4359489722435791,-7.802484759365918e-18,0.00013166700955480337
numpy,2,mixed,21,500,9,low_rank,0.5389595614594382,0.5908346813028567,1.0000000000000013,-1.217205737138462e-16,0.00011758398613892496
numpy,2,mixed,21,500,9,shrinkage,0.9846894038444176,0.08769784557122781,0.4058893600000002,0.016380610046969443,0.00018195799202658236
numpy,2,mixed,21,500,9,mle,0.993143608272513,0.05926136837533707,0.42946264630702935,1.4368809808817467e-12,0.06361712497891858
numpy,2,mixed,22,100,9,linear,0.9558585592890172,0.19359981939289522,0.44819999999999993,0.009229174672312282,0.00032158399699255824
numpy,2,mixed,22,100,9,projected,0.9558585592890194,0.19359981939289525,0.4481999999999999,0.009229174672312332,0.0001299580035265535
numpy,2,mixed,22,100,9,low_rank,0.4541641399449183,0.6992106889286627,1.0,-1.7327920276853116e-16,0.00012029102072119713
numpy,2,mixed,22,100,9,shrinkage,0.9669778950523029,0.17497767357033686,0.41054199999999963,0.03330625720508111,0.0001809170062188059
numpy,2,mixed,22,100,9,mle,0.9804057611910362,0.1381113505038717,0.40223093982642255,0.03211326611871343,0.06443516700528562
numpy,2,mixed,22,500,9,linear,0.9899406105466737,0.07822009754137828,0.40562,0.010510428767721442,0.00032395901507698
numpy,2,mixed,22,500,9,projected,0.9899406105466737,0.07822009754137835,0.4056200000000003,0.010510428767721406,0.0001310829829890281
numpy,2,mixed,22,500,9,low_rank,0.4761315629217458,0.667053794467621,1.0,-2.830899669628112e-17,0.00011791600263677537
numpy,2,mixed,22,500,9,shrinkage,0.9911907927825375,0.07888682069564223,0.37605219999999967,0.03445938589094937,0.00017866701819002628
numpy,2,mixed,22,500,9,mle,0.9920989214250322,0.06950215023431178,0.40378719785593875,0.011811838533761308,0.06449254197650589
numpy,2,mixed,23,100,9,linear,0.9635498777998207,0.2467552972953219,0.5707,-0.07343441724748159,0.00043179199565202
numpy,2,mixed,23,100,9,projected,0.9103382527297572,0.2085713563905123,0.5145535703197095,5.098185439390295e-18,0.0001686670002527535
numpy,2,mixed,23,100,9,low_rank,0.6187244633494122,0.506614629351293,1.0000000000000004,-7.947453098188883e-17,0.0001253749942407012
numpy,2,mixed,23,100,9,shrinkage,0.9066007222638524,0.20588956465611424,0.48012172529229785,2.1341688157411198e-17,0.0001837089948821813
numpy,2,mixed,23,100,9,mle,0.9530743391416658,0.13215671369920245,0.5041723684057695,1.1784200670180492e-14,0.06379033299162984
numpy,2,mixed,23,500,9,linear,0.9859205076898538,0.09216553309117138,0.530804,0.02209588238129265,0.00032900000223889947
numpy,2,mixed,23,500,9,projected,0.9859205076898536,0.09216553309117141,0.5308039999999995,0.02209588238129277,0.00013212498743087053
numpy,2,mixed,23,500,9,low_rank,0.626607217918205,0.49080839813439747,0.9999999999999992,-3.257077276189933e-16,0.00012245800462551415
numpy,2,mixed,23,500,9,shrinkage,0.9812399820704985,0.08236143165244891,0.4774512399999994,0.04488629414316354,0.00021295799524523318
numpy,2,mixed,23,500,9,mle,0.9908611158209908,0.07550145998148391,0.5428130307508843,0.009693221797389073,0.06409291701857
numpy,2,mixed,24,100,9,linear,0.9791917959513895,0.12767849310926332,0.4279,0.003181562784008449,0.0003293330082669854
numpy,2,mixed,24,100,9,projected,0.9791917959513919,0.12767849310926346,0.4278999999999997,0.0031815627840085007,0.0001330000231973827
numpy,2,mixed,24,100,9,low_rank,0.49490598075564407,0.6640940190078191,0.9999999999999996,-1.9076504559407466e-17,0.00011933300993405282
numpy,2,mixed,24,100,9,shrinkage,0.9758671901138658,0.12939821149079,0.39409899999999987,0.027863406505607435,0.00023016700288280845
numpy,2,mixed,24,100,9,mle,0.9694986492153232,0.1150557578206418,0.4235566366857664,0.0015398033748924085,0.06336475000716746
numpy,2,mixed,24,500,9,linear,0.9912383397132025,0.0649503273579448,0.410416,0.010938100596018007,0.0003251250018365681
numpy,2,mixed,24,500,9,projected,0.9912383397132021,0.06495032735794476,0.41041600000000006,0.010938100596017823,0.000130291999084875
numpy,2,mixed,24,500,9,low_rank,0.5107077303445562,0.6398572915207622,1.0000000000000004,-1.5276642836348882e-17,0.00011995897511951625
numpy,2,mixed,24,500,9,shrinkage,0.980819538121579,0.08627009804180091,0.37993696000000043,0.034844290536416155,0.00017933300114236772
numpy,2,mixed,24,500,9,mle,0.9934630433091413,0.06005993896992804,0.40795764188129635,0.01490822378836879,0.06415829202160239
numpy,2,mixed,25,100,9,linear,0.9803941350977526,0.19484104865540322,0.4255,-0.03710288026630799,0.000375000003259629
numpy,2,mixed,25,100,9,projected,0.947425396043689,0.18031573925877847,0.3989292481903869,1.214479383070359e-16,0.00014891699538566172
numpy,2,mixed,25,100,9,low_rank,0.4953257292602129,0.6351622723756091,1.0000000000000009,-4.7909438192241543e-17,0.00016208298620767891
numpy,2,mixed,25,100,9,shrinkage,0.9470663799060136,0.17851791413235624,0.3864660243675467,-5.3439939929379777e-17,0.0002129170170519501
numpy,2,mixed,25,100,9,mle,0.9573228788377034,0.16293843367305783,0.40017232608665454,8.778146860086571e-14,0.06416770900250413
numpy,2,mixed,25,500,9,linear,0.9853710015152753,0.07944063255556068,0.411216,0.0023076062716380803,0.0003830839996226132
numpy,2,mixed,25,500,9,projected,0.9853710015152765,0.07944063255556075,0.4112160000000001,0.0023076062716381037,0.0002060410042759031
numpy,2,mixed,25,500,9,low_rank,0.5256777270200832,0.5854290021140804,1.0,-4.2608701650170775e-17,0.0001285419857595116
numpy,2,mixed,25,500,9,shrinkage,0.9940364963208296,0.0746896830792333,0.3805849600000003,0.027076845644474195,0.00018558299052529037
numpy,2,mixed,25,500,9,mle,0.9860056004655325,0.07534676460649752,0.4149055975703537,0.0027918267886813163,0.06401404200005345
numpy,2,mixed,26,100,9,linear,0.9602017291181948,0.1941757251057504,0.3621,0.005616810260667679,0.0003283749974798411
numpy,2,mixed,26,100,9,projected,0.9602017291181948,0.1941757251057504,0.36210000000000003,0.005616810260667697,0.00013241698616184294
numpy,2,mixed,26,100,9,low_rank,0.4083964401201176,0.7461670247434481,0.9999999999999992,-5.4790150752404804e-17,0.00011904200073331594
numpy,2,mixed,26,100,9,shrinkage,0.9597002051853724,0.19026455204874992,0.340801,0.030055129234600984,0.00018166701192967594
numpy,2,mixed,26,100,9,mle,0.9673124740296876,0.1604775855320403,0.3601371250920433,0.005606752791282475,0.06349983299151063
numpy,2,mixed,26,500,9,linear,0.9911422615941823,0.10145002563988335,0.394316,0.013007998547527313,0.00034983298974111676
numpy,2,mixed,26,500,9,projected,0.9911422615941814,0.10145002563988328,0.3943159999999995,0.01300799854752733,0.0001404999929945916
numpy,2,mixed,26,500,9,low_rank,0.4496982604383261,0.6885939106698651,0.9999999999999987,-1.8383953813620733e-16,0.00012004200834780931
numpy,2,mixed,26,500,9,shrinkage,0.986134025475193,0.09289922335575036,0.36689596000000035,0.03670719869277464,0.00018158298917114735
numpy,2,mixed,26,500,9,mle,0.9909865225558088,0.09928169954360987,0.39882371207635253,0.007228218113571806,0.06525558300199918
numpy,2,mixed,27,100,9,linear,0.9242971981801215,0.23711010762964516,0.4348,-0.02149011816876576,0.00038129198946990073
numpy,2,mixed,27,100,9,projected,0.9066639231290238,0.2268104337671881,0.41985748764894626,-3.55440569489167e-17,0.00015708300634287298
numpy,2,mixed,27,100,9,low_rank,0.49847263297270883,0.6220955140453113,0.9999999999999998,-1.1574515946589052e-17,0.00013149998267181218
numpy,2,mixed,27,100,9,shrinkage,0.932341187373519,0.2176278733136114,0.39968799999999993,0.005658893648110961,0.00019816702115349472
numpy,2,mixed,27,100,9,mle,0.9399928771900673,0.13134629700171507,0.4178607830982439,1.3035545195818875e-11,0.06390479201218113
numpy,2,mixed,27,500,9,linear,0.9810639361488176,0.10068389588352322,0.40451200000000004,0.015858138189293547,0.00032379201729781926
numpy,2,mixed,27,500,9,projected,0.9810639361488163,0.100683895883523,0.40451199999999976,0.015858138189293575,0.00017370900604873896
numpy,2,mixed,27,500,9,low_rank,0.516329265802379,0.5926968592300162,0.9999999999999997,-1.9131736665318424e-17,0.00013287499314174056
numpy,2,mixed,27,500,9,shrinkage,0.9872638636881217,0.09280221235581233,0.3751547199999999,0.039272324370364174,0.00023366700042970479
numpy,2,mixed,27,500,9,mle,0.9926729437144493,0.07263163017536282,0.4088748800402369,0.023352726746183248,0.06350008299341425
numpy,2,mixed,28,100,9,linear,0.9375589593314853,0.17428299592902283,0.41369999999999996,0.03127228554362701,0.00032175000524148345
numpy,2,mixed,28,100,9,projected,0.9375589593314861,0.17428299592902285,0.41369999999999973,0.031272285543627244,0.00012954100384376943
numpy,2,mixed,28,100,9,low_rank,0.5253814121696097,0.621216354798474,0.9999999999999989,-1.8847202714050842e-17,0.00011754099978134036
numpy,2,mixed,28,100,9,shrinkage,0.9328498499164787,0.1768371099347892,0.3825969999999995,0.05314505698926444,0.00017829201533459127
numpy,2,mixed,28,100,9,mle,0.9544541569838466,0.1688195937694702,0.4582324358144416,0.008291071507573324,0.06358124999678694
numpy,2,mixed,28,500,9,linear,0.9901571499932873,0.07933657457069548,0.43141199999999996,0.008878266040690495,0.0003255829797126353
numpy,2,mixed,28,500,9,projected,0.9901571499932886,0.0793365745706956,0.43141200000000046,0.008878266040690504,0.00020120901172049344
numpy,2,mixed,28,500,9,low_rank,0.5405675709767128,0.5962696042049875,1.0000000000000004,-2.9327067276160636e-17,0.0001672500220593065
numpy,2,mixed,28,500,9,shrinkage,0.9841684212458752,0.08947088859088675,0.3969437199999999,0.032990439436621534,0.00023899998632259667
numpy,2,mixed,28,500,9,mle,0.9920896543683869,0.06102037228847789,0.42009302297509915,0.01850094198427606,0.06407379201846197
numpy,2,mixed,29,100,9,linear,0.9088174750367758,0.17954563911588914,0.38070000000000004,-0.00027255253018985997,0.0003287919971626252
numpy,2,mixed,29,100,9,projected,0.90858608365655,0.17939086918982738,0.38051819926669816,9.461851294287208e-17,0.00013266698806546628
numpy,2,mixed,29,100,9,low_rank,0.46725949499423197,0.6469566125857598,1.0000000000000007,-4.470766942428612e-17,0.00012025001342408359
numpy,2,mixed,29,100,9,shrinkage,0.9620271259292491,0.16600347857683526,0.3558669999999997,0.024754702722829217,0.00018191698472946882
numpy,2,mixed,29,100,9,mle,0.9020337805570372,0.18189149510156058,0.37400246721083685,1.6257027152973093e-12,0.0636037079966627
numpy,2,mixed,29,500,9,linear,0.9908110331709434,0.08113087279998815,0.36421600000000004,0.04233649639838931,0.00033058298868127167
numpy,2,mixed,29,500,9,projected,0.9908110331709425,0.08113087279998837,0.36421600000000065,0.04233649639838926,0.0001297500275541097
numpy,2,mixed,29,500,9,low_rank,0.4878652806926711,0.6142811085397037,1.0000000000000016,-6.467067749760629e-17,0.00011883300612680614
numpy,2,mixed,29,500,9,shrinkage,0.9928177016576358,0.07714751257032898,0.3425149600000001,0.06310284675855034,0.00018908301717601717
numpy,2,mixed,29,500,9,mle,0.9914609520095332,0.07613040386544268,0.3650977169945169,0.040629180068056665,0.06433408299926668
